"נתוני שערים - הראל קרנות נאמנות בע""מ - הרל.NDX 100",,
תאריך,שער נעילה (באגורות), מחזור(אלפי ₪)
15/06/2023,5655,3220.23
14/06/2023,5670,2690.93
13/06/2023,5605,1835.49
12/06/2023,5554,4348.92
11/06/2023,5493,57.41
08/06/2023,5545,1646.61
07/06/2023,5619,4724.01
06/06/2023,5683,1738.33
05/06/2023,5747,1603.46
04/06/2023,5735,66.04
01/06/2023,5632,1317.67
31/05/2023,5642,1044.99
30/05/2023,5632,1961.4
29/05/2023,5638,2562.62
28/05/2023,5590,190.21
24/05/2023,5330,2185.6
23/05/2023,5391,2488.66
22/05/2023,5362,2455.34
21/05/2023,5330,123.22
18/05/2023,5251,1247.47
17/05/2023,5193,705.95
16/05/2023,5196,2016.31
15/05/2023,5172,2010.46
14/05/2023,5144,16.31
11/05/2023,5144,2507.18
10/05/2023,5157,2077.32
09/05/2023,5118,619.87
08/05/2023,5070,1176.64
07/05/2023,5093,149.96
04/05/2023,4999,410.4
03/05/2023,5050,925.88
02/05/2023,5082,1593.35
01/05/2023,5061,3302
30/04/2023,5055,44.33
27/04/2023,4985,4892.71
24/04/2023,5029,4197.33
23/04/2023,5020,22.39
20/04/2023,5032,2539.83
19/04/2023,5017,1584.08
18/04/2023,5069,2606.18
17/04/2023,5032,4232.62
16/04/2023,5035,57.01
13/04/2023,5001,1191.24
10/04/2023,4972,2900.54
09/04/2023,4982,36.05
04/04/2023,4972,1222.93
03/04/2023,4974,3194.19
02/04/2023,4996,77.3
30/03/2023,4908,3283.13
29/03/2023,4841,3748.82
28/03/2023,4721,2450.83
27/03/2023,4852,3738.79
26/03/2023,4845,7.27
23/03/2023,4847,6328.09
22/03/2023,4886,2388.72
21/03/2023,4876,1235.89
20/03/2023,4854,5440.29
19/03/2023,4824,132.01
16/03/2023,4774,2713.56
15/03/2023,4629,2172.3
14/03/2023,4651,2564.92
13/03/2023,4557,6950.95
12/03/2023,4518,27.61
09/03/2023,4662,3421.39
08/03/2023,4614,10302.34
06/03/2023,4689,2062.87
05/03/2023,4731,154.67
02/03/2023,4567,2134.81
01/03/2023,4600,7296.47
28/02/2023,4668,1737.88
27/02/2023,4685,2133.78
26/02/2023,4630,139.67
23/02/2023,4658,1357.72
22/02/2023,4643,1659.67
21/02/2023,4693,7027.53
20/02/2023,4643,683.07
19/02/2023,4644,277.37
16/02/2023,4713,773.28
15/02/2023,4688,6966.08
14/02/2023,4648,2961.93
13/02/2023,4622,4603.79
12/02/2023,4592,297.45
09/02/2023,4650,8109.45
08/02/2023,4654,4946.12
07/02/2023,4600,1186.75
06/02/2023,4588,325.26
05/02/2023,4563,0
02/02/2023,4563,2261.89
01/02/2023,4406,1823.43
31/01/2023,4377,2492.13
30/01/2023,4405,12006.36
29/01/2023,4423,43.11
26/01/2023,4296,1468.23
25/01/2023,4153,390.54
24/01/2023,4211,153.67
23/01/2023,4176,1105.51
22/01/2023,4149,71.7
19/01/2023,4073,1044.73
18/01/2023,4151,3934.58
17/01/2023,4134,575.53
16/01/2023,4151,188.7
15/01/2023,4153,6.31
12/01/2023,4117,2186.18
11/01/2023,4096,125.74
10/01/2023,4082,558.17
09/01/2023,4116,1091.21
08/01/2023,4109,20.55
05/01/2023,4045,206.27
04/01/2023,4025,8567.02
03/01/2023,4060,919.56
02/01/2023,4086,175.99
01/01/2023,4051,43.99
29/12/2022,4015,1359.49
28/12/2022,4048,2360.11
27/12/2022,4022,1368.5
26/12/2022,4027,30.81
25/12/2022,4064,133.46
22/12/2022,4056,25585.77
21/12/2022,4080,522.14
20/12/2022,4042,410.39
19/12/2022,4071,988.86
18/12/2022,4095,151.6
15/12/2022,4168,697.7
14/12/2022,4278,1655.54
13/12/2022,4364,1391.96
12/12/2022,4187,1097.64
11/12/2022,4164,54.28
08/12/2022,4178,2337.7
07/12/2022,4167,1054
06/12/2022,4239,94.13
05/12/2022,4284,155.57
04/12/2022,4308,7.02
01/12/2022,4321,909.48
30/11/2022,4189,887.41
29/11/2022,4205,2683.09
28/11/2022,4247,270.34
27/11/2022,4255,150.3
24/11/2022,4296,1605.57
23/11/2022,4298,1303.38
22/11/2022,4227,435.67
21/11/2022,4274,1009.99
20/11/2022,4267,7.38
17/11/2022,4238,1258.24
16/11/2022,4251,2849.53
15/11/2022,4330,1965.08
14/11/2022,4239,2897.46
13/11/2022,4238,38.19
10/11/2022,4198,2899.11
09/11/2022,4107,473.38
08/11/2022,4129,434.55
07/11/2022,4085,1489.09
06/11/2022,4045,14.03
03/11/2022,4038,2141.44
02/11/2022,4208,509.64
31/10/2022,4236,1499.83
30/10/2022,4281,20.12
27/10/2022,4199,1371.18
26/10/2022,4252,2539.53
25/10/2022,4313,2043.34
24/10/2022,4222,14138.78
23/10/2022,4252,193.27
20/10/2022,4149,2772.16
19/10/2022,4142,2754.58
18/10/2022,4203,1340.18
13/10/2022,4071,944.03
12/10/2022,4099,622.96
11/10/2022,4107,389.78
06/10/2022,4288,428.75
03/10/2022,4180,1117.25
02/10/2022,4123,44.22
29/09/2022,4220,728.99
28/09/2022,4195,1324.35
22/09/2022,4243,777.57
21/09/2022,4360,948
20/09/2022,4320,1105.45
19/09/2022,4313,866.51
18/09/2022,4324,196.73
15/09/2022,4388,540.02
14/09/2022,4381,1004.39
13/09/2022,4424,5177.33
12/09/2022,4517,1408.57
11/09/2022,4560,309.64
08/09/2022,4428,1425.83
07/09/2022,4382,772.12
06/09/2022,4348,2855.5
05/09/2022,4339,138.75
04/09/2022,4339,0
01/09/2022,4339,936.31
31/08/2022,4390,1111.01
30/08/2022,4368,4288.85
29/08/2022,4386,2914.06
28/08/2022,4368,59.88
25/08/2022,4519,3037.77
24/08/2022,4470,941.81
23/08/2022,4465,1510.35
22/08/2022,4518,2559.8
21/08/2022,4570,3.7
18/08/2022,4615,950.96
17/08/2022,4639,1989.02
16/08/2022,4695,2640.21
15/08/2022,4676,293.24
14/08/2022,4627,209.1
11/08/2022,4611,414.01
10/08/2022,4606,2781.62
09/08/2022,4525,1829.86
08/08/2022,4664,941.91
04/08/2022,4683,1990.29
03/08/2022,4657,460.54
02/08/2022,4580,1426.28
01/08/2022,4629,2637.27
31/07/2022,4612,77.66
28/07/2022,4551,1606.7
27/07/2022,4481,1599.31
26/07/2022,4451,1474.79
25/07/2022,4482,3152.55
24/07/2022,4508,42.52
21/07/2022,4536,2410.52
20/07/2022,4463,2548.57
19/07/2022,4364,3152.05
18/07/2022,4422,1865.36
17/07/2022,4380,35.39
14/07/2022,4282,2137.67
13/07/2022,4274,3572.61
12/07/2022,4398,2304.75
11/07/2022,4380,472.97
10/07/2022,4444,6.67
07/07/2022,4409,1564.26
06/07/2022,4388,4229.84
05/07/2022,4259,2772.55
04/07/2022,4260,724.59
03/07/2022,4288,191.85
30/06/2022,4220,2014.54
29/06/2022,4259,1248.56
28/06/2022,4347,1867.31
27/06/2022,4348,2329.83
26/06/2022,4320,229.44
23/06/2022,4234,2948.93
22/06/2022,4183,1186.64
21/06/2022,4221,1244.45
20/06/2022,4141,1487.69
19/06/2022,4099,2.54
16/06/2022,4095,1574.36
15/06/2022,4172,1353.45
14/06/2022,4160,1882.31
13/06/2022,4176,1003.11
12/06/2022,4282,21.15
09/06/2022,4433,4607.59
08/06/2022,4465,831.89
07/06/2022,4428,843.08
06/06/2022,4481,568.93
02/06/2022,4421,840.86
01/06/2022,4500,852.45
31/05/2022,4436,9744.19
30/05/2022,4488,310.69
29/05/2022,4448,123.04
26/05/2022,4264,993.5
25/05/2022,4171,418.16
24/05/2022,4123,1109.23
23/05/2022,4229,512.71
22/05/2022,4221,46.75
19/05/2022,4267,3300.87
18/05/2022,4367,801.59
17/05/2022,4398,2420.55
16/05/2022,4405,5478.39
15/05/2022,4427,14.57
12/05/2022,4309,5202.29
11/05/2022,4484,3743.75
10/05/2022,4554,15510.94
09/05/2022,4551,2972.36
08/05/2022,4557,252.94
03/05/2022,4639,3772.21
02/05/2022,4572,2069.16
01/05/2022,4550,64.73
28/04/2022,4628,4571.84
27/04/2022,4600,910.84
26/04/2022,4660,189.46
25/04/2022,4604,2258.23
24/04/2022,4641,108
20/04/2022,4838,712.73
19/04/2022,4756,126.22
18/04/2022,4730,217.05
17/04/2022,4796,0.19
14/04/2022,4803,1843.95
13/04/2022,4766,677
12/04/2022,4807,3303.6
11/04/2022,4815,2468.67
10/04/2022,4915,26.69
07/04/2022,4943,1630.19
06/04/2022,4967,1387.09
05/04/2022,5094,1134.1
04/04/2022,5101,1593.42
03/04/2022,5050,0
31/03/2022,5050,645.78
30/03/2022,5094,2738.46
29/03/2022,5117,2604.77
28/03/2022,5049,2206.89
27/03/2022,5009,4.56
24/03/2022,4958,1166.74
23/03/2022,4958,1136.07
22/03/2022,4927,1323.88
21/03/2022,4882,1057.45
20/03/2022,4895,116.92
16/03/2022,4745,2775.65
15/03/2022,4600,956.05
14/03/2022,4595,294.58
13/03/2022,4626,5.23
10/03/2022,4684,611.16
09/03/2022,4683,4923.57
08/03/2022,4628,320.87
07/03/2022,4741,200.16
06/03/2022,4780,269.76
03/03/2022,4898,1043.51
02/03/2022,4818,980.03
01/03/2022,4841,552.73
28/02/2022,4764,6605.59
27/02/2022,4785,48.08
24/02/2022,4593,1869.32
23/02/2022,4722,274.4
22/02/2022,4770,373.25
21/02/2022,4717,102.86
20/02/2022,4726,280.57
17/02/2022,4866,1451.43
16/02/2022,4872,4584.44
15/02/2022,4946,493.38
14/02/2022,4911,1681.39
13/02/2022,4888,77.42
10/02/2022,5096,3559.98
09/02/2022,5067,1667.69
08/02/2022,4931,2797.71
07/02/2022,4983,3870.18
06/02/2022,4952,27.93
03/02/2022,4957,2165.53
02/02/2022,5055,4067.11
01/02/2022,4981,17064.4
31/01/2022,4942,4944.46
30/01/2022,4868,451.82
27/01/2022,4853,1059.18
26/01/2022,4849,1821.95
25/01/2022,4749,3919.93
24/01/2022,4748,5892.86
23/01/2022,4855,549.23
20/01/2022,5042,2303.74
19/01/2022,5089,7421.77
18/01/2022,5070,1293.53
17/01/2022,5126,408.76
16/01/2022,5154,196.84
13/01/2022,5233,2596.87
12/01/2022,5232,2822.63
11/01/2022,5147,942.83
10/01/2022,5082,2690.52
09/01/2022,5123,187.82
06/01/2022,5184,2715.64
05/01/2022,5302,1965.87
04/01/2022,5374,835.61
03/01/2022,5375,3431.49
02/01/2022,5368,123.72
30/12/2021,5426,1311.95
29/12/2021,5428,3792.46
28/12/2021,5433,883.02
27/12/2021,5433,2907.07
26/12/2021,5417,116.16
23/12/2021,5424,5573.29
22/12/2021,5368,1522.84
21/12/2021,5264,3991.08
20/12/2021,5234,4490.9
19/12/2021,5252,43.75
16/12/2021,5321,8333.48
15/12/2021,5263,3410.99
14/12/2021,5262,1482.27
13/12/2021,5351,3362.48
12/12/2021,5357,75.95
09/12/2021,5361,1807.52
08/12/2021,5352,2819.16
07/12/2021,5371,1056.1
06/12/2021,5242,4515.3
05/12/2021,5260,120.76
02/12/2021,5323,4938.77
01/12/2021,5445,327.38
30/11/2021,5441,2635.31
29/11/2021,5445,2000.64
28/11/2021,5370,407.17
25/11/2021,5467,713.12
24/11/2021,5376,2586.52
23/11/2021,5390,1686.13
22/11/2021,5453,922.06
21/11/2021,5402,427.12
18/11/2021,5345,2826.14
17/11/2021,5277,644.1
16/11/2021,5311,4568.85
15/11/2021,5325,1098.07
14/11/2021,5318,2.02
11/11/2021,5302,832.44
10/11/2021,5305,7685.12
09/11/2021,5329,5161.63
08/11/2021,5359,1015.57
07/11/2021,5411,164.28
04/11/2021,5367,1871.83
03/11/2021,5287,1093.85
02/11/2021,5286,1250.33
01/11/2021,5233,2654.43
31/10/2021,5284,36.08
28/10/2021,5250,975.5
27/10/2021,5257,303.17
26/10/2021,5286,567.03
25/10/2021,5214,1177.97
24/10/2021,5181,238.36
21/10/2021,5216,303.58
20/10/2021,5229,543.09
19/10/2021,5206,749.56
18/10/2021,5154,5828.55
17/10/2021,5142,191.21
14/10/2021,5091,1013.76
13/10/2021,5030,1083.14
12/10/2021,5021,8815.25
11/10/2021,5069,6389.8
10/10/2021,5061,27.23
07/10/2021,5095,896.52
06/10/2021,4979,819.06
05/10/2021,4978,3785.04
04/10/2021,5008,2495.47
03/10/2021,5046,221.05
30/09/2021,5062,1173.18
29/09/2021,5045,561.73
26/09/2021,5171,2.53
23/09/2021,5171,311.08
22/09/2021,5120,1929.43
19/09/2021,5203,201.67
14/09/2021,5257,375.2
13/09/2021,5222,1018.5
12/09/2021,5268,37.19
09/09/2021,5299,498.84
05/09/2021,5314,16.42
02/09/2021,5311,2054.36
01/09/2021,5290,338.51
31/08/2021,5269,967.08
30/08/2021,5273,4179.79
29/08/2021,5270,156.71
26/08/2021,5217,367.79
25/08/2021,5245,677.74
24/08/2021,5210,1614.73
23/08/2021,5177,1733.61
22/08/2021,5145,163.4
19/08/2021,5077,1541.16
18/08/2021,5118,2145.79
17/08/2021,5116,1168.56
16/08/2021,5120,646.85
15/08/2021,5127,88.68
12/08/2021,5092,2657.86
11/08/2021,5106,1338.24
10/08/2021,5165,234.58
09/08/2021,5122,623.53
08/08/2021,5144,98.95
05/08/2021,5122,207.88
04/08/2021,5095,1162.7
03/08/2021,5101,25868.82
02/08/2021,5115,1127.06
01/08/2021,5142,89.28
29/07/2021,5151,417.73
28/07/2021,5175,824.61
27/07/2021,5182,902.35
26/07/2021,5199,583.62
25/07/2021,5216,204.61
22/07/2021,5138,665.94
21/07/2021,5119,932.61
20/07/2021,5071,1152.62
19/07/2021,5066,1660.74
15/07/2021,5130,2724.3
14/07/2021,5173,105.27
13/07/2021,5168,558.55
12/07/2021,5138,1814.21
11/07/2021,5121,24.02
08/07/2021,5063,952.22
07/07/2021,5125,2964.43
06/07/2021,5087,4997.31
05/07/2021,5071,1590.65
04/07/2021,5043,12.71
01/07/2021,5022,1884.86
30/06/2021,5007,1700.88
29/06/2021,4986,14294.13
28/06/2021,4979,1605.36
27/06/2021,4934,66.15
24/06/2021,4931,857.62
23/06/2021,4916,954.47
22/06/2021,4879,2326.6
21/06/2021,4854,2314.46
20/06/2021,4835,3
17/06/2021,4822,1645.51
16/06/2021,4821,6054.15
15/06/2021,4831,3670.11
14/06/2021,4804,1083.97
13/06/2021,4785,2.25
10/06/2021,4772,2039.17
09/06/2021,4750,975.8
08/06/2021,4747,1346.56
07/06/2021,4709,1456.17
06/06/2021,4714,113.46
03/06/2021,4654,381.05
02/06/2021,4696,303.31
01/06/2021,4700,504.87
31/05/2021,4687,219.9
30/05/2021,4675,14.87
27/05/2021,4679,1267.91
26/05/2021,4702,814.84
25/05/2021,4682,1010.15
24/05/2021,4663,3571.96
23/05/2021,4611,1.98
20/05/2021,4611,1186.88
19/05/2021,4498,4304.92
18/05/2021,4603,677.34
13/05/2021,4577,1926.19
12/05/2021,4590,4125.82
11/05/2021,4584,2627.19
10/05/2021,4644,689.1
09/05/2021,4686,26.76
06/05/2021,4630,1967.97
05/05/2021,4705,515.98
04/05/2021,4693,541.07
03/05/2021,4768,1111.48
02/05/2021,4759,164.02
29/04/2021,4805,1135.12
28/04/2021,4782,642.5
27/04/2021,4778,499.18
26/04/2021,4770,303.98
25/04/2021,4762,7.72
22/04/2021,4782,680.21
21/04/2021,4735,790.96
20/04/2021,4767,705.79
19/04/2021,4820,1737.78
18/04/2021,4856,44.43
13/04/2021,4830,2388.07
12/04/2021,4794,1520.87
11/04/2021,4787,60.58
08/04/2021,4769,2620.18
07/04/2021,4732,1057.22
06/04/2021,4732,903.07
05/04/2021,4693,2205.16
04/04/2021,4684,53.31
01/04/2021,4658,1169.1
31/03/2021,4567,183.97
30/03/2021,4540,810.96
29/03/2021,4581,745.16
25/03/2021,4463,4762.52
24/03/2021,4521,1343.32
22/03/2021,4543,1009.72
21/03/2021,4497,8.99
18/03/2021,4516,2225.75
17/03/2021,4530,745.98
16/03/2021,4629,1207.01
15/03/2021,4527,1275.85
14/03/2021,4582,60.67
11/03/2021,4525,1683.51
10/03/2021,4548,1084.84
09/03/2021,4443,1943.64
08/03/2021,4446,721.95
07/03/2021,4455,65.12
04/03/2021,4428,673.5
03/03/2021,4506,2078.93
02/03/2021,4608,1323.54
01/03/2021,4559,1819.08
28/02/2021,4522,274.31
25/02/2021,4551,6349.08
24/02/2021,4516,13078.14
23/02/2021,4475,4462.61
22/02/2021,4636,1277.58
21/02/2021,4681,55.7
18/02/2021,4679,1537.33
17/02/2021,4705,1099.17
16/02/2021,4739,3736.12
15/02/2021,4747,2608.77
14/02/2021,4743,373.71
11/02/2021,4706,5633.24
10/02/2021,4719,1226.05
09/02/2021,4686,10113.11
08/02/2021,4722,2343.54
07/02/2021,4718,34.96
04/02/2021,4667,903.32
03/02/2021,4709,845.1
02/02/2021,4670,2261.41
01/02/2021,4522,16034.62
31/01/2021,4483,385.74
28/01/2021,4588,2149.3
27/01/2021,4569,1779.58
26/01/2021,4650,1173.99
25/01/2021,4683,1627.86
24/01/2021,4622,126.66
21/01/2021,4607,1694.59
20/01/2021,4559,2408.29
19/01/2021,4414,1348.95
18/01/2021,4354,1176.36
17/01/2021,4400,508.31
14/01/2021,4377,1556.85
13/01/2021,4275,1352.52
12/01/2021,4300,7549.04
11/01/2021,4342,2850.78
10/01/2021,4388,547.56
07/01/2021,4298,3657.17
06/01/2021,4248,1653.59
05/01/2021,4306,946.8
04/01/2021,4366,562.82
03/01/2021,4382,56.08
31/12/2020,4368,897.83
30/12/2020,4359,3215.5
29/12/2020,4375,10481.68
28/12/2020,4346,1860.75
27/12/2020,4307,83.17
24/12/2020,4302,1501.95
23/12/2020,4313,2018.17
22/12/2020,4352,2098.34
21/12/2020,4305,2551.03
20/12/2020,4359,189.54
17/12/2020,4378,586.41
16/12/2020,4338,611.72
15/12/2020,4325,460.19
14/12/2020,4310,1059.55
13/12/2020,4262,0.47
10/12/2020,4253,3397.84
09/12/2020,4343,407.62
08/12/2020,4307,3934.04
07/12/2020,4328,1133.82
06/12/2020,4347,76.38
03/12/2020,4311,206.13
02/12/2020,4293,248.59
01/12/2020,4330,914.43
30/11/2020,4291,5529.87
29/11/2020,4296,89.44
26/11/2020,4283,1774.93
25/11/2020,4267,1032.46
24/11/2020,4224,1697.23
23/11/2020,4238,1271.67
22/11/2020,4197,8.44
19/11/2020,4221,1975.2
18/11/2020,4238,2284.38
17/11/2020,4253,1946.53
16/11/2020,4237,1623.98
15/11/2020,4254,183
12/11/2020,4254,3774.92
11/11/2020,4218,3126.84
10/11/2020,4157,2255.04
09/11/2020,4302,7688.72
08/11/2020,4301,70.66
05/11/2020,4295,884.21
04/11/2020,4221,4049.04
03/11/2020,4039,2469.79
02/11/2020,4037,2143.71
01/11/2020,3972,33.87
29/10/2020,4079,1199.79
28/10/2020,4041,995.28
27/10/2020,4140,1487.71
26/10/2020,4151,1231.96
25/10/2020,4167,367.87
22/10/2020,4178,1220.61
21/10/2020,4196,10473.84
20/10/2020,4183,1191.74
19/10/2020,4242,1367.49
18/10/2020,4238,2.16
15/10/2020,4251,2625.82
14/10/2020,4332,1434.91
13/10/2020,4320,2658.76
12/10/2020,4248,23624.94
11/10/2020,4181,174.1
08/10/2020,4148,1113.69
07/10/2020,4086,293.45
06/10/2020,4122,402.7
05/10/2020,4105,163.73
04/10/2020,4086,145.98
01/10/2020,4186,972.62
30/09/2020,4145,356.28
29/09/2020,4147,752.69
24/09/2020,4013,2162.99
23/09/2020,4051,996.74
22/09/2020,4009,1404.17
21/09/2020,3916,2222.18
17/09/2020,4022,1261.26
16/09/2020,4128,721.34
15/09/2020,4136,1246.53
14/09/2020,4094,1882.63
13/09/2020,4057,1204.45
10/09/2020,4152,1970.7
09/09/2020,4057,1651.3
08/09/2020,4012,3357.19
07/09/2020,4098,748.35
06/09/2020,4152,619.6
03/09/2020,4330,1936.34
02/09/2020,4398,2591.57
01/09/2020,4341,1452.24
31/08/2020,4284,11322.68
30/08/2020,4273,22.26
27/08/2020,4254,4251.48
26/08/2020,4240,1702.99
25/08/2020,4174,1471.3
24/08/2020,4196,1146.88
23/08/2020,4168,48.58
20/08/2020,4071,496.34
19/08/2020,4081,1972.96
18/08/2020,4076,604.18
17/08/2020,4060,1045.41
16/08/2020,4014,467.86
13/08/2020,4030,1671.95
12/08/2020,3953,906.87
11/08/2020,3955,5245.13
10/08/2020,3981,1834.6
09/08/2020,3994,618
06/08/2020,3984,9540.34
05/08/2020,3995,1660.98
04/08/2020,3994,271.86
03/08/2020,3983,1457.5
02/08/2020,3903,197.24
29/07/2020,3822,53485.78
28/07/2020,3821,5654.26
27/07/2020,3815,1959.24
26/07/2020,3785,855.08
23/07/2020,3907,1624.75
22/07/2020,3934,3809.76
21/07/2020,3943,3932.75
20/07/2020,3858,3158.55
19/07/2020,3837,156.78
16/07/2020,3833,3050.72
15/07/2020,3888,1040.85
14/07/2020,3788,7654.35
13/07/2020,4000,3034.12
12/07/2020,3941,615.38
09/07/2020,3916,6279.2
08/07/2020,3862,797.81
07/07/2020,3880,4710.98
06/07/2020,3847,3223.61
05/07/2020,3722,132.6
02/07/2020,3784,1788.21
01/07/2020,3701,5332.93
30/06/2020,3678,1012.3
29/06/2020,3574,546.94
28/06/2020,3550,135.96
25/06/2020,3603,1513.92
24/06/2020,3665,1180.46
23/06/2020,3686,1210.54
22/06/2020,3641,1177.06
21/06/2020,3590,835.06
18/06/2020,3648,3134.16
17/06/2020,3645,2162.08
16/06/2020,3656,1393.22
15/06/2020,3523,4131.72
14/06/2020,3549,149.98
11/06/2020,3608,225.32
10/06/2020,3638,354.74
09/06/2020,3601,3463.56
08/06/2020,3560,2504.34
04/06/2020,3544,2053.26
03/06/2020,3549,727.61
02/06/2020,3514,1400.4
01/06/2020,3518,1288.54
31/05/2020,3517,1486.09
27/05/2020,3433,2605.42
26/05/2020,3525,1298.72
25/05/2020,3542,1680.64
24/05/2020,3542,265.47
21/05/2020,3523,635.48
20/05/2020,3499,933.87
19/05/2020,3483,1001.74
18/05/2020,3468,824.29
17/05/2020,3421,110.37
14/05/2020,3343,2094.92
13/05/2020,3377,1499.88
12/05/2020,3436,3167.1
11/05/2020,3432,1070.72
10/05/2020,3422,366.25
07/05/2020,3376,2711.91
06/05/2020,3347,4010.57
05/05/2020,3333,1612.67
04/05/2020,3229,1590.68
03/05/2020,3238,305.88
30/04/2020,3314,948.29
27/04/2020,3273,3001.25
26/04/2020,3277,101.4
23/04/2020,3246,1297.4
22/04/2020,3184,1440.51
21/04/2020,3208,3777.07
20/04/2020,3293,2369.18
19/04/2020,3346,741.27
16/04/2020,3270,1799.02
13/04/2020,3057,1183.43
12/04/2020,3093,319.35
07/04/2020,3099,3559.4
06/04/2020,2957,1986.42
05/04/2020,2864,105.33
02/04/2020,2891,2041.52
01/04/2020,2856,2895.81
31/03/2020,2914,4030.5
30/03/2020,2883,3354.18
29/03/2020,2789,33.47
26/03/2020,2903,19380.63
25/03/2020,2877,3422.72
24/03/2020,2820,2580.31
23/03/2020,2688,3985.25
22/03/2020,2571,436.97
19/03/2020,2757,1971.45
18/03/2020,2767,170694.11
17/03/2020,2893,2997.2
16/03/2020,2863,2292.47
15/03/2020,2772,799.73
12/03/2020,2872,2054.45
11/03/2020,3042,8183.93
09/03/2020,2950,5893.11
08/03/2020,2907,3361.38
05/03/2020,3168,2762.38
04/03/2020,3153,1266.11
03/03/2020,3222,3300.63
01/03/2020,3010,764.56
27/02/2020,3123,2117.59
26/02/2020,3224,2667.18
25/02/2020,3286,944.36
24/02/2020,3303,1205.45
23/02/2020,3380,350.5
20/02/2020,3494,326.5
19/02/2020,3481,466.6
18/02/2020,3449,1017.28
17/02/2020,3473,270.44
16/02/2020,3470,113.42
13/02/2020,3440,2885.99
12/02/2020,3433,24477.95
11/02/2020,3421,932.47
10/02/2020,3389,861.11
09/02/2020,3372,310.74
06/02/2020,3392,554.93
05/02/2020,3406,688.68
04/02/2020,3356,697.09
03/02/2020,3284,2056.15
02/02/2020,3236,2280.37
30/01/2020,3299,2312.65
29/01/2020,3305,3104.95
28/01/2020,3269,255.79
27/01/2020,3253,1248.95
26/01/2020,3294,334.06
23/01/2020,3325,246.4
22/01/2020,3347,753.37
21/01/2020,3309,1265.29
20/01/2020,3313,137.86
19/01/2020,3320,576.1
16/01/2020,3291,2756.74
15/01/2020,3293,449.9
14/01/2020,3292,185.68
13/01/2020,3280,567.05
12/01/2020,3275,10.12
09/01/2020,3275,1979.52
08/01/2020,3228,5228.78
07/01/2020,3218,730.23
06/01/2020,3193,405.08
05/01/2020,3207,141.79
02/01/2020,3196,322.52
01/01/2020,3171,160.56
31/12/2019,3163,384.65
30/12/2019,3167,11966.56
29/12/2019,3177,171.3
26/12/2019,3180,346.08
25/12/2019,3177,61.63
24/12/2019,3175,310.15
23/12/2019,3176,525.24
22/12/2019,3162,85.66
19/12/2019,3143,4380.91
18/12/2019,3157,62.98
17/12/2019,3141,23900.85
16/12/2019,3137,404.68
15/12/2019,3098,123.12
12/12/2019,3102,1154.67
11/12/2019,3050,609.83
10/12/2019,3048,271.49
09/12/2019,3066,711.47
08/12/2019,3063,57.09
05/12/2019,3022,518.24
04/12/2019,3029,637.07
03/12/2019,3007,627.28
02/12/2019,3072,577.92
01/12/2019,3073,0
28/11/2019,3073,233.96
27/11/2019,3070,1056.03
26/11/2019,3043,13891.38
25/11/2019,3019,1597.59
24/11/2019,3011,10.93
21/11/2019,3006,429.57
20/11/2019,3032,641.65
19/11/2019,3037,224.55
18/11/2019,3010,647.93
17/11/2019,3047,30.2
14/11/2019,3021,783.69
13/11/2019,3027,3634.64
12/11/2019,3043,302.81
11/11/2019,3017,467.37
10/11/2019,3017,3.98
07/11/2019,3016,8146.52
06/11/2019,3011,44.17
05/11/2019,3010,848.1
04/11/2019,3036,595.53
03/11/2019,3015,496.67
31/10/2019,2989,697.44
30/10/2019,2975,593.5
29/10/2019,2989,748.44
28/10/2019,2996,281.78
27/10/2019,2970,167.83
24/10/2019,2930,811.15
23/10/2019,2919,930.72
22/10/2019,2963,7999.09
17/10/2019,2966,349.61
16/10/2019,2942,131.99
15/10/2019,2912,96.16
10/10/2019,2831,248.03
07/10/2019,2848,300.76
06/10/2019,2833,94.58
03/10/2019,2761,754.6
02/10/2019,2800,289.65
26/09/2019,2856,745.53
25/09/2019,2826,1300.29
24/09/2019,2887,51.34
23/09/2019,2882,1093.41
22/09/2019,2895,62.96
19/09/2019,2922,1591.28
18/09/2019,2915,948.03
16/09/2019,2909,212.43
15/09/2019,2912,54.73
12/09/2019,2934,157.77
11/09/2019,2907,290.79
10/09/2019,2889,106.55
09/09/2019,2905,988.07
08/09/2019,2900,130.89
05/09/2019,2875,291.35
04/09/2019,2846,98.98
03/09/2019,2844,1530.35
02/09/2019,2842,405.14
01/09/2019,2837,413.58
29/08/2019,2837,569.23
28/08/2019,2795,203.64
27/08/2019,2810,211.33
26/08/2019,2784,941.09
25/08/2019,2754,185.1
22/08/2019,2861,588.41
21/08/2019,2858,593.04
20/08/2019,2849,178.3
19/08/2019,2863,693.57
18/08/2019,2833,58.62
15/08/2019,2771,1080.49
14/08/2019,2793,409.18
13/08/2019,2823,1681.01
12/08/2019,2758,1179.72
08/08/2019,2773,434.67
07/08/2019,2710,1637.59
06/08/2019,2743,913.45
05/08/2019,2745,4070.36
04/08/2019,2838,1254.53
01/08/2019,2908,421.92
31/07/2019,2923,1775.73
30/07/2019,2918,1305.61
29/07/2019,2967,1072.5
28/07/2019,2951,193.3
25/07/2019,2947,619.47
24/07/2019,2942,2155.36
23/07/2019,2940,1395.21
22/07/2019,2925,824
21/07/2019,2913,72.8
18/07/2019,2923,821.6
17/07/2019,2948,501.28
16/07/2019,2962,646.5
15/07/2019,2949,870.36
14/07/2019,2955,27.39
11/07/2019,2951,6433.75
10/07/2019,2957,603.24
09/07/2019,2919,624.67
08/07/2019,2924,886.62
07/07/2019,2946,0
04/07/2019,2946,245.39
03/07/2019,2927,2210.66
02/07/2019,2914,922.63
01/07/2019,2926,773.41
30/06/2019,2886,1146.18
27/06/2019,2884,487.63
26/06/2019,2893,374.83
25/06/2019,2911,435.75
24/06/2019,2920,719.73
23/06/2019,2918,141.86
20/06/2019,2912,1170.38
19/06/2019,2886,925.83
18/06/2019,2903,2990.64
17/06/2019,2849,68554.23
16/06/2019,2827,287.36
13/06/2019,2825,143.74
12/06/2019,2813,15450.73
11/06/2019,2839,511.35
10/06/2019,2818,376.66
06/06/2019,2720,855.31
05/06/2019,2726,694.97
04/06/2019,2666,126.69
03/06/2019,2699,501.78
02/06/2019,2694,95.02
30/05/2019,2750,430.02
29/05/2019,2730,701.27
28/05/2019,2779,362.53
27/05/2019,2763,98.77
26/05/2019,2753,100.78
23/05/2019,2779,1733.09
22/05/2019,2813,477.88
21/05/2019,2814,604.47
20/05/2019,2768,388.28
19/05/2019,2804,49.58
16/05/2019,2811,454.61
15/05/2019,2768,3411.22
14/05/2019,2764,599.8
13/05/2019,2762,3779.99
12/05/2019,2830,90.83
07/05/2019,2885,894.23
06/05/2019,2889,4279.83
05/05/2019,2944,561.26
02/05/2019,2923,725.66
01/05/2019,2935,562.86
30/04/2019,2936,1021.01
29/04/2019,2971,1710.26
28/04/2019,2965,136.8
24/04/2019,2956,341.07
23/04/2019,2904,346.8
22/04/2019,2887,412.58
21/04/2019,2895,10.71
18/04/2019,2886,6277.6
17/04/2019,2867,1018.11
16/04/2019,2854,424.9
15/04/2019,2845,1772.37
14/04/2019,2852,104.49
11/04/2019,2848,1403.43
10/04/2019,2843,1051.81
08/04/2019,2830,967.01
07/04/2019,2840,109.99
04/04/2019,2846,1322.15
03/04/2019,2841,1010.26
02/04/2019,2838,624.55
01/04/2019,2826,1827.24
31/03/2019,2796,62.68
28/03/2019,2776,207.28
27/03/2019,2796,7262.12
26/03/2019,2803,275.87
25/03/2019,2762,842.49
24/03/2019,2760,843.84
20/03/2019,2779,935.37
19/03/2019,2775,1234.35
18/03/2019,2768,987.49
17/03/2019,2758,113.98
14/03/2019,2735,818.99
13/03/2019,2740,473.78
12/03/2019,2727,10981.91
11/03/2019,2687,463.54
10/03/2019,2657,17.41
07/03/2019,2671,932.56
06/03/2019,2703,474.11
05/03/2019,2704,1063.85
04/03/2019,2731,824.75
03/03/2019,2715,147.28
28/02/2019,2690,10515.55
27/02/2019,2687,224.48
26/02/2019,2692,199
25/02/2019,2705,1125.28
24/02/2019,2658,25.95
21/02/2019,2666,811.82
20/02/2019,2675,1122.04
19/02/2019,2679,723.21
18/02/2019,2673,228.36
17/02/2019,2672,297.73
14/02/2019,2680,4460.29
13/02/2019,2685,1705.49
12/02/2019,2642,663.98
11/02/2019,2640,654.94
10/02/2019,2636,32.61
07/02/2019,2624,645.09
06/02/2019,2653,581.18
05/02/2019,2630,15055.68
04/02/2019,2609,1045.17
03/02/2019,2604,256.84
31/01/2019,2608,641.61
30/01/2019,2570,687.16
29/01/2019,2573,1367.28
28/01/2019,2566,614.71
27/01/2019,2601,50.81
24/01/2019,2570,564.04
23/01/2019,2578,729.34
22/01/2019,2602,944.21
21/01/2019,2615,243.79
20/01/2019,2617,174.63
17/01/2019,2564,691
16/01/2019,2586,1561.72
15/01/2019,2551,499.56
14/01/2019,2500,1063.29
13/01/2019,2530,175.27
10/01/2019,2507,343.82
09/01/2019,2532,4039.19
08/01/2019,2530,1432.04
07/01/2019,2507,768.2
06/01/2019,2471,72.64
03/01/2019,2447,1291.57
02/01/2019,2446,6159.1
01/01/2019,2491,2404.24
31/12/2018,2480,3578.52
30/12/2018,2368,905.98
27/12/2018,2414,2021.4
26/12/2018,2364,2554.54
25/12/2018,2304,1084.16
24/12/2018,2368,3275.67
23/12/2018,2356,1029.13
20/12/2018,2486,2203.25
19/12/2018,2566,487.92
18/12/2018,2559,1984.05
17/12/2018,2583,833.63
16/12/2018,2600,277.28
13/12/2018,2681,673.35
12/12/2018,2665,230.54
11/12/2018,2658,1364.38
10/12/2018,2572,1419.16
09/12/2018,2582,95.78
06/12/2018,2599,821.2
05/12/2018,2674,2036.42
04/12/2018,2737,250.16