"נתוני שערים - הראל קרנות נאמנות בע""מ - הרל.NDX 100 ממ",,
תאריך,שער נעילה (באגורות), מחזור(אלפי ₪)
15/06/2023,13410,1484.48
14/06/2023,13330,1260.07
13/06/2023,13330,767.38
12/06/2023,13030,760.52
11/06/2023,12980,351.36
08/06/2023,12850,1741.16
07/06/2023,13050,1739.28
06/06/2023,13010,331.76
05/06/2023,13000,4234.3
04/06/2023,12980,10.77
01/06/2023,12760,2225.6
31/05/2023,12780,433.66
30/05/2023,12860,1241.92
29/05/2023,12830,245.61
28/05/2023,12730,339.29
24/05/2023,12130,600.42
23/05/2023,12360,235.03
22/05/2023,12380,1962.31
21/05/2023,12350,62.65
18/05/2023,12220,1144.2
17/05/2023,12060,1652.12
16/05/2023,11990,445.69
15/05/2023,11960,340.98
14/05/2023,11960,272.11
11/05/2023,11920,1316.55
10/05/2023,11910,878.48
09/05/2023,11840,219.49
08/05/2023,11850,1477.86
07/05/2023,11770,38.06
04/05/2023,11650,295.83
03/05/2023,11790,981.02
02/05/2023,11850,844.85
01/05/2023,11840,1704.65
30/04/2023,11810,24.22
27/04/2023,11590,977.43
24/04/2023,11650,677.29
23/04/2023,11640,68.5
20/04/2023,11600,548.35
19/04/2023,11640,1756.38
18/04/2023,11800,651.19
17/04/2023,11690,1938.69
16/04/2023,11670,773.09
13/04/2023,11570,691.85
10/04/2023,11690,1448.71
09/04/2023,11750,163.29
04/04/2023,11810,881.05
03/04/2023,11750,383.87
02/04/2023,11800,175.73
30/03/2023,11590,507.13
29/03/2023,11420,27.99
28/03/2023,11290,32.98
27/03/2023,11460,603.07
26/03/2023,11530,63.06
23/03/2023,11550,1604.67
22/03/2023,11460,4640.03
21/03/2023,11370,738.51
20/03/2023,11200,2798.42
19/03/2023,11170,104.05
16/03/2023,11130,1969.98
15/03/2023,10880,942.55
14/03/2023,10920,1148.47
13/03/2023,10640,728.98
12/03/2023,10640,128.61
09/03/2023,10920,188.54
08/03/2023,10940,1555.37
06/03/2023,11120,983.51
05/03/2023,11000,36.74
02/03/2023,10620,1289.65
01/03/2023,10790,3183.07
28/02/2023,10840,3057.27
27/02/2023,10830,1323.55
26/02/2023,10730,9.01
23/02/2023,10930,2985.74
22/02/2023,10870,1517.26
21/02/2023,11000,2618.06
20/02/2023,11120,442.89
19/02/2023,11190,80
16/02/2023,11270,7378.8
15/02/2023,11280,3730.73
14/02/2023,11270,946.14
13/02/2023,11110,2779.58
12/02/2023,11090,76.76
09/02/2023,11350,758.08
08/02/2023,11410,3454.3
07/02/2023,11250,347.26
06/02/2023,11210,1371.2
05/02/2023,11270,189.12
02/02/2023,11420,1065.51
01/02/2023,10890,225.2
31/01/2023,10800,1223.21
30/01/2023,10850,2223.78
29/01/2023,10930,220.21
26/01/2023,10730,422.36
25/01/2023,10480,503.71
24/01/2023,10690,1983.07
23/01/2023,10590,920.46
22/01/2023,10450,81.67
19/01/2023,10230,123.09
18/01/2023,10490,2860.76
17/01/2023,10420,342.82
16/01/2023,10400,231.91
15/01/2023,10370,85.08
12/01/2023,10170,4375.29
11/01/2023,10150,161.1
10/01/2023,10050,328.84
09/01/2023,10170,5335.43
08/01/2023,9967,233.52
05/01/2023,9799,417.92
04/01/2023,9854,1637.8
03/01/2023,9990,3101.2
02/01/2023,9950,248.35
01/01/2023,9853,71.05
29/12/2022,9842,2316.48
28/12/2022,9827,1472.87
27/12/2022,9797,880.28
26/12/2022,9907,40.51
25/12/2022,9929,43.79
22/12/2022,9980,2276.91
21/12/2022,10110,1789.03
20/12/2022,10040,1277
19/12/2022,10130,1070.9
18/12/2022,10160,183.26
15/12/2022,10350,1190.66
14/12/2022,10720,1942.93
13/12/2022,10950,2431.24
12/12/2022,10510,950.34
11/12/2022,10420,50.02
08/12/2022,10460,4184.98
07/12/2022,10390,3716.5
06/12/2022,10550,327.12
05/12/2022,10780,857.3
04/12/2022,10880,45.93
01/12/2022,10950,3155.69
30/11/2022,10490,1582.17
29/11/2022,10530,323.62
28/11/2022,10670,486.53
27/11/2022,10710,9.96
24/11/2022,10820,673.93
23/11/2022,10710,1952.87
22/11/2022,10510,2189.2
21/11/2022,10550,213.97
20/11/2022,10600,6.89
17/11/2022,10520,680.32
16/11/2022,10710,4885.37
15/11/2022,10900,1764.83
14/11/2022,10660,2359.01
13/11/2022,10700,240.32
10/11/2022,10320,2045.28
09/11/2022,10010,206.06
08/11/2022,10070,285.11
07/11/2022,9900,921.87
06/11/2022,9873,248.65
03/11/2022,9833,6259.98
02/11/2022,10250,385.06
31/10/2022,10460,1964.67
30/10/2022,10520,120.24
27/10/2022,10260,2240.52
26/10/2022,10480,1624.73
25/10/2022,10610,1450.2
24/10/2022,10340,3407.57
23/10/2022,10410,45.86
20/10/2022,10170,1209.98
19/10/2022,10130,3390.65
18/10/2022,10330,1378.43
13/10/2022,9891,875.67
12/10/2022,9956,1141.76
11/10/2022,9924,2710.01
06/10/2022,10640,451.86
03/10/2022,10130,2496.49
02/10/2022,10060,253.18
29/09/2022,10280,3199.28
28/09/2022,10290,99846.2
22/09/2022,10610,297.4
21/09/2022,10900,141.13
20/09/2022,10890,2379.35
19/09/2022,10890,1874.92
18/09/2022,10960,34.77
15/09/2022,11100,1991.47
14/09/2022,11060,1536.29
13/09/2022,11360,2737.21
12/09/2022,11720,4248.41
11/09/2022,11530,214.88
08/09/2022,11230,2495.67
07/09/2022,11090,2327.65
06/09/2022,11030,13492.82
05/09/2022,11150,270.98
04/09/2022,11200,260.96
01/09/2022,11170,8625.48
31/08/2022,11470,1457.78
30/08/2022,11550,667.21
29/08/2022,11530,1176.75
28/08/2022,11590,93.57
25/08/2022,12030,483.52
24/08/2022,11850,936.53
23/08/2022,11940,982.23
22/08/2022,12050,853.04
21/08/2022,12280,97.88
18/08/2022,12430,580.14
17/08/2022,12490,1834.45
16/08/2022,12550,1634.4
15/08/2022,12520,3565.23
14/08/2022,12470,39.8
11/08/2022,12460,2564.98
10/08/2022,12310,26700.47
09/08/2022,12060,35212.87
08/08/2022,12280,701.11
04/08/2022,12280,264.1
03/08/2022,12090,1491.24
02/08/2022,11890,618.17
01/08/2022,12000,2044.94
31/07/2022,11880,192.21
28/07/2022,11650,1449.4
27/07/2022,11410,361.8
26/07/2022,11310,1196.19
25/07/2022,11420,2406.8
24/07/2022,11460,183.78
21/07/2022,11540,4072.57
20/07/2022,11370,508.08
19/07/2022,11130,2260.28
18/07/2022,11210,2834.45
17/07/2022,11060,35.62
14/07/2022,10720,1876.6
13/07/2022,10790,3993.43
12/07/2022,11000,2094.53
11/07/2022,11010,3180.06
10/07/2022,11220,17.16
07/07/2022,11070,51546.9
06/07/2022,10970,4473.66
05/07/2022,10590,1480.25
04/07/2022,10690,724.06
03/07/2022,10700,87.48
30/06/2022,10560,1029.12
29/06/2022,10830,1128.41
28/06/2022,11200,2213.73
27/06/2022,11190,16362.24
26/06/2022,11160,110.35
23/06/2022,10770,3107.85
22/06/2022,10780,932.05
21/06/2022,10710,266.62
20/06/2022,10560,15238.04
19/06/2022,10500,142.56
16/06/2022,10510,2582.35
15/06/2022,10670,1359.09
14/06/2022,10560,1965.93
13/06/2022,10700,2504.26
12/06/2022,11100,173.71
09/06/2022,11730,1551.12
08/06/2022,11870,119.8
07/06/2022,11700,1178.08
06/06/2022,11850,845.78
02/06/2022,11650,1101.12
01/06/2022,11950,1344.78
31/05/2022,11740,1332.62
30/05/2022,11930,603.38
29/05/2022,11790,136.71
26/05/2022,11230,521.38
25/05/2022,11050,1313.23
24/05/2022,10950,3319.6
23/05/2022,11090,2018.04
22/05/2022,11130,284.11
19/05/2022,11130,1176.3
18/05/2022,11540,411.78
17/05/2022,11630,1423.22
16/05/2022,11550,6032.03
15/05/2022,11480,67.44
12/05/2022,11100,5068.07
11/05/2022,11560,3050.23
10/05/2022,11620,3577.15
09/05/2022,11720,1988.57
08/05/2022,11930,657.84
03/05/2022,12280,2178.9
02/05/2022,12080,2235.17
01/05/2022,12110,97.95
28/04/2022,12330,4560.13
27/04/2022,12400,3958.69
26/04/2022,12520,1086.7
25/04/2022,12520,4913.02
24/04/2022,12650,213.84
20/04/2022,13350,747.76
19/04/2022,13030,216.95
18/04/2022,12990,202.69
17/04/2022,13370,0
14/04/2022,13370,643.06
13/04/2022,13100,764.92
12/04/2022,13400,3282.85
11/04/2022,13320,3862.86
10/04/2022,13510,24.71
07/04/2022,13680,492.96
06/04/2022,13700,478.76
05/04/2022,14130,693.1
04/04/2022,14040,464.57
03/04/2022,14060,43.07
31/03/2022,14120,3149.26
30/03/2022,14280,2447.41
29/03/2022,14290,1944.99
28/03/2022,14000,802.72
27/03/2022,13840,252.14
24/03/2022,13680,4312.09
23/03/2022,13720,1301.27
22/03/2022,13620,219.03
21/03/2022,13490,3270.59
20/03/2022,13490,247.33
16/03/2022,13000,691.24
15/03/2022,12540,424.16
14/03/2022,12580,830.73
13/03/2022,12510,340.56
10/03/2022,12800,330.22
09/03/2022,12850,1740.99
08/03/2022,12530,3043.64
07/03/2022,13010,389.1
06/03/2022,13180,120.06
03/03/2022,13520,492.78
02/03/2022,13320,236.56
01/03/2022,13390,2054.21
28/02/2022,13290,873.03
27/02/2022,13160,201.83
24/02/2022,12610,3214.37
23/02/2022,13230,587.35
22/02/2022,13190,872.13
21/02/2022,13100,432.56
20/02/2022,13170,72.1
17/02/2022,13720,1196.44
16/02/2022,13690,1752.07
15/02/2022,13720,1947.84
14/02/2022,13460,2560.45
13/02/2022,13440,387.98
10/02/2022,14140,1085.35
09/02/2022,14150,1636.75
08/02/2022,13750,970.16
07/02/2022,13940,407.75
06/02/2022,13940,366.13
03/02/2022,13990,1103.23
02/02/2022,14400,774.4
01/02/2022,14030,2765.53
31/01/2022,13910,4804.26
30/01/2022,13670,84.13
27/01/2022,13630,1170.81
26/01/2022,13740,7309.73
25/01/2022,13420,3193.16
24/01/2022,13450,2680.91
23/01/2022,13820,511.69
20/01/2022,14520,1080.46
19/01/2022,14550,1474.15
18/01/2022,14660,1034.71
17/01/2022,14840,686.03
16/01/2022,14880,152.58
13/01/2022,15180,3743.2
12/01/2022,15180,2697.79
11/01/2022,14750,1227.16
10/01/2022,14530,837.28
09/01/2022,14830,474.35
06/01/2022,15200,3796.36
05/01/2022,15410,2074.74
04/01/2022,15740,1389.92
03/01/2022,15560,3610.31
02/01/2022,15570,43.72
30/12/2021,15710,2040.4
29/12/2021,15740,2221.99
28/12/2021,15790,3778.33
27/12/2021,15670,369.88
26/12/2021,15500,94.82
23/12/2021,15460,1503.84
22/12/2021,15250,2256.9
21/12/2021,15010,1020.93
20/12/2021,14870,5016.34
19/12/2021,15250,33.41
16/12/2021,15520,4550.09
15/12/2021,15100,1279.33
14/12/2021,15210,3241.24
13/12/2021,15560,4613.39
12/12/2021,15590,30.87
09/12/2021,15620,2331.37
08/12/2021,15500,5605.64
07/12/2021,15470,2143.64
06/12/2021,14930,4279.62
05/12/2021,15020,115.34
02/12/2021,15170,7274.74
01/12/2021,15540,1952.64
30/11/2021,15550,2681.86
29/11/2021,15500,2672
28/11/2021,15160,963.66
25/11/2021,15640,3307.67
24/11/2021,15450,6855.53
23/11/2021,15630,6788.75
22/11/2021,15950,9614.44
21/11/2021,15770,320.26
18/11/2021,15650,216.42
17/11/2021,15540,1797.64
16/11/2021,15420,194.31
15/11/2021,15490,3481.62
14/11/2021,15510,190.14
11/11/2021,15360,3310.8
10/11/2021,15430,5422.11
09/11/2021,15560,12895.68
08/11/2021,15580,30812.73
07/11/2021,15590,252.04
04/11/2021,15540,1138.08
03/11/2021,15230,490.94
02/11/2021,15240,891.48
01/11/2021,15110,1845.56
31/10/2021,15150,130.06
28/10/2021,14970,1504.97
27/10/2021,14890,1551.32
26/10/2021,14950,1110.63
25/10/2021,14670,372.12
24/10/2021,14610,343.32
21/10/2021,14660,523.64
20/10/2021,14730,1141.73
19/10/2021,14660,1108.65
18/10/2021,14460,599.35
17/10/2021,14480,80.88
14/10/2021,14280,686.95
13/10/2021,14060,888.57
12/10/2021,14060,1001.67
11/10/2021,14160,963.18
10/10/2021,14230,160.27
07/10/2021,14270,1099.29
06/10/2021,13900,672.23
05/10/2021,13910,946.11
04/10/2021,13960,1327.13
03/10/2021,14130,236.82
30/09/2021,14130,1060.81
29/09/2021,14190,3241.4
26/09/2021,14670,76.13
23/09/2021,14590,762.9
22/09/2021,14410,374.42
19/09/2021,14710,119.32
14/09/2021,14770,148.26
13/09/2021,14730,779.71
12/09/2021,14840,197.96
09/09/2021,14980,3197.81
05/09/2021,14950,112.24
02/09/2021,14970,404.47
01/09/2021,14950,849.16
31/08/2021,14860,1775.05
30/08/2021,14850,328.89
29/08/2021,14810,27.39
26/08/2021,14670,14355.07
25/08/2021,14710,496.53
24/08/2021,14660,272.8
23/08/2021,14500,327.37
22/08/2021,14450,174.72
19/08/2021,14160,2873
18/08/2021,14330,191.85
17/08/2021,14330,2010.13
16/08/2021,14420,561.05
15/08/2021,14430,52.09
12/08/2021,14340,112.38
11/08/2021,14420,3131.86
10/08/2021,14520,167.32
09/08/2021,14450,2773.01
08/08/2021,14470,209.03
05/08/2021,14470,362.08
04/08/2021,14390,297.04
03/08/2021,14330,307.28
02/08/2021,14360,447.86
01/08/2021,14360,237.25
29/07/2021,14360,921.56
28/07/2021,14370,422.48
27/07/2021,14440,276.29
26/07/2021,14430,553.91
25/07/2021,14410,67.28
22/07/2021,14230,45.95
21/07/2021,14110,532.04
20/07/2021,13940,505.27
19/07/2021,13890,831.92
15/07/2021,14270,427.64
14/07/2021,14320,1939.94
13/07/2021,14260,2229.29
12/07/2021,14230,576.09
11/07/2021,14140,91.32
08/07/2021,13940,3562.46
07/07/2021,14210,296.17
06/07/2021,14120,1312.82
05/07/2021,14080,192.26
04/07/2021,14080,422.41
01/07/2021,13930,1612.18
30/06/2021,13940,1954.88
29/06/2021,13900,4472.85
28/06/2021,13780,599.65
27/06/2021,13660,71.99
24/06/2021,13770,84.98
23/06/2021,13680,484.07
22/06/2021,13570,304.88
21/06/2021,13480,229.76
20/06/2021,13340,2
17/06/2021,13320,607.99
16/06/2021,13450,1706.42
15/06/2021,13500,531.3
14/06/2021,13430,484.02
13/06/2021,13410,566.58
10/06/2021,13310,1721.82
09/06/2021,13310,353.12
08/06/2021,13260,2413.55
07/06/2021,13170,281.94
06/06/2021,13190,3.96
03/06/2021,12960,1828.63
02/06/2021,13100,1167.49
01/06/2021,13150,3002.53
31/05/2021,13110,468.44
30/05/2021,13160,45.94
27/05/2021,13130,741.75
26/05/2021,13130,447.75
25/05/2021,13120,1183.09
24/05/2021,13010,2673.89
23/05/2021,12820,228.26
20/05/2021,12690,825.96
19/05/2021,12500,2799.56
18/05/2021,12810,325.24
13/05/2021,12570,1642.45
12/05/2021,12640,14009.71
11/05/2021,12660,641.29
10/05/2021,13090,909.69
09/05/2021,13180,109.51
06/05/2021,12980,855.33
05/05/2021,13040,2188.02
04/05/2021,13130,3151.56
03/05/2021,13360,503.14
02/05/2021,13350,288.54
29/04/2021,13450,1295.69
28/04/2021,13400,336.18
27/04/2021,13480,609.19
26/04/2021,13380,618.14
25/04/2021,13350,6.94
22/04/2021,13360,379.65
21/04/2021,13170,762.12
20/04/2021,13290,452.74
19/04/2021,13410,412.08
18/04/2021,13420,97.4
13/04/2021,13280,415.03
12/04/2021,13270,936.86
11/04/2021,13250,455.09
08/04/2021,13200,2395.99
07/04/2021,13040,418.81
06/04/2021,13080,467.37
05/04/2021,12890,766.27
04/04/2021,12870,60.77
01/04/2021,12710,225.55
31/03/2021,12440,381.3
30/03/2021,12380,236.03
29/03/2021,12420,90.62
25/03/2021,12190,580.82
24/03/2021,12520,545.93
22/03/2021,12500,935.98
21/03/2021,12460,261.41
18/03/2021,12480,600.8
17/03/2021,12560,436.4
16/03/2021,12720,751.14
15/03/2021,12480,1108.3
14/03/2021,12480,13.73
11/03/2021,12510,1883.95
10/03/2021,12450,1219.89
09/03/2021,12190,2324.43
08/03/2021,12090,4386.55
07/03/2021,12280,94.26
04/03/2021,12240,977.9
03/03/2021,12450,1547.45
02/03/2021,12770,233.89
01/03/2021,12610,1798.03
28/02/2021,12520,21.79
25/02/2021,12770,2489.65
24/02/2021,12480,1510.28
23/02/2021,12460,5196.46
22/02/2021,12900,689.4
21/02/2021,13140,13.79
18/02/2021,13060,307.43
17/02/2021,13170,918.46
16/02/2021,13360,1051.5
15/02/2021,13350,326.19
14/02/2021,13300,139.14
11/02/2021,13220,5898.81
10/02/2021,13280,2511.54
09/02/2021,13180,13800.31
08/02/2021,13170,2847.64
07/02/2021,13050,636.72
04/02/2021,12950,656.15
03/02/2021,13030,234.03
02/02/2021,12880,300.54
01/02/2021,12540,393.19
31/01/2021,12440,235.98
28/01/2021,12730,2304.23
27/01/2021,12770,3337.84
26/01/2021,12960,792.18
25/01/2021,13000,964.4
24/01/2021,12890,136.7
21/01/2021,12840,1328.16
20/01/2021,12630,162.85
19/01/2021,12420,919.96
18/01/2021,12320,257.72
17/01/2021,12390,475.01
14/01/2021,12510,511.91
13/01/2021,12390,2046.08
12/01/2021,12480,103.32
11/01/2021,12450,1325.83
10/01/2021,12560,145.08
07/01/2021,12280,717.04
06/01/2021,12160,1416.61
05/01/2021,12290,1921.82
04/01/2021,12420,975.6
03/01/2021,12390,114.07
31/12/2020,12410,980.04
30/12/2020,12430,2562.47
29/12/2020,12460,2727.94
28/12/2020,12370,433.11
27/12/2020,12290,187.5
24/12/2020,12280,718.83
23/12/2020,12250,742.19
22/12/2020,12270,765.69
21/12/2020,12150,1416.39
20/12/2020,12300,162.12
17/12/2020,12330,735.49
16/12/2020,12180,499.86
15/12/2020,12140,572.14
14/12/2020,12000,1247.94
13/12/2020,11960,41.38
10/12/2020,11890,4910.34
09/12/2020,12200,4470.57
08/12/2020,12110,3963.2
07/12/2020,12090,828.39
06/12/2020,12080,150.42
03/12/2020,12100,1692.01
02/12/2020,11910,18642.59
01/12/2020,11940,1034.33
30/11/2020,11820,7084.72
29/11/2020,11850,447.83
26/11/2020,11790,2178.42
25/11/2020,11690,1272.99
24/11/2020,11550,329.8
23/11/2020,11580,1068.78
22/11/2020,11470,555.18
19/11/2020,11470,703.76
18/11/2020,11570,949.31
17/11/2020,11630,1437.79
16/11/2020,11520,1343.65
15/11/2020,11510,79.16
12/11/2020,11510,2261.02
11/11/2020,11350,5070.24
10/11/2020,11260,5526.97
09/11/2020,11720,2411.68
08/11/2020,11640,169.13
05/11/2020,11600,1446.7
04/11/2020,11260,2655.76
03/11/2020,10760,884.88
02/11/2020,10810,1922.68
01/11/2020,10680,117.21
29/10/2020,10880,1080.14
28/10/2020,10870,1109.58
27/10/2020,11180,718.11
26/10/2020,11190,1508.25
25/10/2020,11270,102.29
22/10/2020,11310,374.5
21/10/2020,11360,618.72
20/10/2020,11370,1889.24
19/10/2020,11530,1443.21
18/10/2020,11410,429.49
15/10/2020,11410,2556.79
14/10/2020,11720,796.2
13/10/2020,11700,2497.44
12/10/2020,11550,1658.52
11/10/2020,11350,225.37
08/10/2020,11170,186.51
07/10/2020,10970,139.89
06/10/2020,11050,466.9
05/10/2020,10990,1275.7
04/10/2020,10940,1667.47
01/10/2020,11170,2001.5
30/09/2020,11030,721.45
29/09/2020,11000,183.76
24/09/2020,10490,3402.36
23/09/2020,10780,1219.88
22/09/2020,10710,5005.36
21/09/2020,10460,3287.13
17/09/2020,10710,1098.84
16/09/2020,11110,460.94
15/09/2020,11110,874.56
14/09/2020,10920,1410.08
13/09/2020,10740,394.7
10/09/2020,11150,2168.59
09/09/2020,10940,4325.2
08/09/2020,10880,8878.63
07/09/2020,11150,918.15
06/09/2020,11400,546.16
03/09/2020,11830,16776.5
02/09/2020,12010,3760.07
01/09/2020,11850,1212.57
31/08/2020,11690,3059.05
30/08/2020,11650,307.64
27/08/2020,11590,1102.99
26/08/2020,11400,1466.85
25/08/2020,11270,2572.48
24/08/2020,11350,4602.78
23/08/2020,11180,196.22
20/08/2020,11020,2066.49
19/08/2020,11010,673.02
18/08/2020,10990,574.94
17/08/2020,10910,1178.39
16/08/2020,10840,17.02
13/08/2020,10850,518.13
12/08/2020,10680,1059.45
11/08/2020,10640,1415.7
10/08/2020,10800,1299.05
09/08/2020,10760,175.16
06/08/2020,10750,518.99
05/08/2020,10770,1887.55
04/08/2020,10710,1558.98
03/08/2020,10730,1053.47
02/08/2020,10530,282.7
29/07/2020,10290,774.66
28/07/2020,10290,1530.4
27/07/2020,10270,1601.85
26/07/2020,10190,312.02
23/07/2020,10510,3002.25
22/07/2020,10530,2791.53
21/07/2020,10600,1823.31
20/07/2020,10340,3246.05
19/07/2020,10310,183.77
16/07/2020,10280,1688.59
15/07/2020,10410,486.87
14/07/2020,10120,4140.53
13/07/2020,10660,3645.91
12/07/2020,10480,365.45
09/07/2020,10430,886.93
08/07/2020,10310,10263.81
07/07/2020,10300,2517.95
06/07/2020,10240,988.28
05/07/2020,10030,135.97
02/07/2020,10060,1465.28
01/07/2020,9880,1977.09
30/06/2020,9678,2251.96
29/06/2020,9469,2239.77
28/06/2020,9480,126.03
25/06/2020,9619,4107.21
24/06/2020,9801,2105.94
23/06/2020,9869,1033.36
22/06/2020,9705,1645.08
21/06/2020,9539,583.87
18/06/2020,9698,2160.58
17/06/2020,9701,6085.63
16/06/2020,9696,504.13
15/06/2020,9237,4504.56
14/06/2020,9449,151.31
11/06/2020,9615,1172.47
10/06/2020,9758,2405.71
09/06/2020,9613,920.62
08/06/2020,9469,2410.21
04/06/2020,9377,718.32
03/06/2020,9405,647.19
02/06/2020,9306,484.41
01/06/2020,9275,2044.06
31/05/2020,9329,134.88
27/05/2020,9063,1089.01
26/05/2020,9298,776.75
25/05/2020,9286,876.74
24/05/2020,9227,164.12
21/05/2020,9215,1519.84
20/05/2020,9205,1123.72
19/05/2020,9124,1199.93
18/05/2020,9044,573.07
17/05/2020,8883,108.76
14/05/2020,8676,2967.9
13/05/2020,8882,2557.48
12/05/2020,9077,8717.72
11/05/2020,8996,10496.01
10/05/2020,9014,184.89
07/05/2020,8864,1400.8
06/05/2020,8735,3253.5
05/05/2020,8706,754.56
04/05/2020,8465,3332.25
03/05/2020,8561,753.72
30/04/2020,8768,2206.01
27/04/2020,8631,4138.88
26/04/2020,8629,483.39
23/04/2020,8512,612.62
22/04/2020,8346,1225.15
21/04/2020,8393,914.1
20/04/2020,8516,3113.19
19/04/2020,8630,508.24
16/04/2020,8446,492.77
13/04/2020,7955,1144.76
12/04/2020,8077,1152.81
07/04/2020,8071,2104.53
06/04/2020,7673,848.91
05/04/2020,7323,321.44
02/04/2020,7348,1053.28
01/04/2020,7398,1252.46
31/03/2020,7740,2614.99
30/03/2020,7538,2717.13
29/03/2020,7291,115.78
26/03/2020,7494,9170.51
25/03/2020,7295,2548.1
24/03/2020,7226,2838.11
23/03/2020,6809,3433.67
22/03/2020,6570,286.31
19/03/2020,7069,11607.6
18/03/2020,7074,11964.85
17/03/2020,6926,3709.12
16/03/2020,7015,2856.14
15/03/2020,7022,1264.61
12/03/2020,7332,3476.66
11/03/2020,7962,9297.03
09/03/2020,7949,19329.38
08/03/2020,7964,3275.11
05/03/2020,8594,2705.26
04/03/2020,8555,2876.17
03/03/2020,8781,3893.2
01/03/2020,8146,841.7
27/02/2020,8549,4367.8
26/02/2020,8809,2534.43
25/02/2020,8972,4718.81
24/02/2020,8988,3158.76
23/02/2020,9260,278.34
20/02/2020,9585,177.48
19/02/2020,9565,761.25
18/02/2020,9482,1157.13
17/02/2020,9526,501.07
16/02/2020,9464,116.8
13/02/2020,9455,658.06
12/02/2020,9452,7721.45
11/02/2020,9436,817.29
10/02/2020,9299,747.15
09/02/2020,9239,706.29
06/02/2020,9277,406.69
05/02/2020,9322,665.44
04/02/2020,9115,2350.09
03/02/2020,8953,15306.13
02/02/2020,8732,1434.38
30/01/2020,8919,815.25
29/01/2020,8997,408.54
28/01/2020,8880,484.27
27/01/2020,8849,1283.05
26/01/2020,8978,981.76
23/01/2020,9064,671.1
22/01/2020,9120,602.89
21/01/2020,9044,517.88
20/01/2020,9068,265.06
19/01/2020,9089,722.74
16/01/2020,8980,610.15
15/01/2020,8940,113.34
14/01/2020,8955,874.28
13/01/2020,8913,3193.85
12/01/2020,8860,125.77
09/01/2020,8879,306.35
08/01/2020,8759,324.17
07/01/2020,8737,468.76
06/01/2020,8644,861.42
05/01/2020,8723,52.34
02/01/2020,8706,588.56
01/01/2020,8681,55.91
31/12/2019,8629,1085.13
30/12/2019,8634,958.02
29/12/2019,8722,214.19
26/12/2019,8657,512.11
25/12/2019,8667,339.64
24/12/2019,8646,730.19
23/12/2019,8630,1270.03
22/12/2019,8580,195.38
19/12/2019,8526,556.34
18/12/2019,8523,402.57
17/12/2019,8504,246.55
16/12/2019,8477,130.59
15/12/2019,8414,66.99
12/12/2019,8381,2526.36
11/12/2019,8302,228.77
10/12/2019,8283,2958.13
09/12/2019,8339,769.48
08/12/2019,8320,58.57
05/12/2019,8238,1424.43
04/12/2019,8243,881.92
03/12/2019,8132,2389.16
02/12/2019,8357,1346.83
01/12/2019,8380,100
28/11/2019,8373,557.77
27/11/2019,8344,1404.35
26/11/2019,8311,230.4
25/11/2019,8249,221.97
24/11/2019,8236,160.88
21/11/2019,8214,475.58
20/11/2019,8253,245.64
19/11/2019,8280,369.82
18/11/2019,8224,389.61
17/11/2019,8255,62.21
14/11/2019,8186,1217.56
13/11/2019,8187,565.38
12/11/2019,8201,767.88
11/11/2019,8153,247.31
10/11/2019,8196,87.87
07/11/2019,8175,696.67
06/11/2019,8122,1821.17
05/11/2019,8135,1137.8
04/11/2019,8147,1446.75
03/11/2019,8090,294.59
31/10/2019,8006,696.84
30/10/2019,7972,657.19
29/10/2019,8020,380.71
28/10/2019,8026,976.58
27/10/2019,7966,51.33
24/10/2019,7876,745.95
23/10/2019,7813,830.64
22/10/2019,7938,360.57
17/10/2019,7913,299.25
16/10/2019,7894,58.09
15/10/2019,7845,315.22
10/10/2019,7679,759.11
07/10/2019,7679,359.63
06/10/2019,7674,87.03
03/10/2019,7504,3737.61
02/10/2019,7547,1208.85
26/09/2019,7737,637.75
25/09/2019,7648,1003.02
24/09/2019,7825,1272.77
23/09/2019,7805,993.55
22/09/2019,7821,57.41
19/09/2019,7895,1031.88
18/09/2019,7826,205.56
16/09/2019,7792,153.21
15/09/2019,7876,46.95
12/09/2019,7897,308.12
11/09/2019,7777,413.82
10/09/2019,7732,211.65
09/09/2019,7835,97.66
08/09/2019,7786,88.45
05/09/2019,7759,246.85
04/09/2019,7667,103.82
03/09/2019,7616,430.8
02/09/2019,7615,116.26
01/09/2019,7655,1.99
29/08/2019,7638,825.99
28/08/2019,7483,414.27
27/08/2019,7609,382.81
26/08/2019,7521,947.27
25/08/2019,7363,109.81
22/08/2019,7700,406.06
21/08/2019,7715,123.66
20/08/2019,7687,85.24
19/08/2019,7686,423.39
18/08/2019,7537,203.95
15/08/2019,7470,1197.82
14/08/2019,7555,1348.24
13/08/2019,7722,3446.48
12/08/2019,7576,719.05
08/08/2019,7569,727.98
07/08/2019,7388,2412.78
06/08/2019,7478,1089.56
05/08/2019,7476,828.91
04/08/2019,7709,170.49
01/08/2019,7829,617.81
31/07/2019,7936,1811.59
30/07/2019,7947,194.58
29/07/2019,7968,1256.85
28/07/2019,7971,331.07
25/07/2019,7939,718.32
24/07/2019,7935,1156.93
23/07/2019,7923,387.48
22/07/2019,7887,594
21/07/2019,7816,50.49
18/07/2019,7848,619.69
17/07/2019,7932,196.59
16/07/2019,7970,89.54
15/07/2019,7934,617.55
14/07/2019,7916,106.39
11/07/2019,7907,5583.22
10/07/2019,7895,1215.7
09/07/2019,7760,1844.79
08/07/2019,7769,1033.03
07/07/2019,7836,81.07
04/07/2019,7886,383.93
03/07/2019,7811,1416.66
02/07/2019,7763,392.93
01/07/2019,7824,970.97
30/06/2019,7712,322.27
27/06/2019,7671,850.52
26/06/2019,7683,1226.08
25/06/2019,7709,345.09
24/06/2019,7749,624.23
23/06/2019,7705,116.19
20/06/2019,7767,1102.66
19/06/2019,7622,231.61
18/06/2019,7652,894.19
17/06/2019,7543,748.93
16/06/2019,7472,116.07
13/06/2019,7524,676.97
12/06/2019,7500,3048.15
11/06/2019,7561,440.49
10/06/2019,7512,571.81
06/06/2019,7232,855.7
05/06/2019,7222,129.95
04/06/2019,7046,306.07
03/06/2019,7077,582.38
02/06/2019,7098,282.29
30/05/2019,7251,1627.98
29/05/2019,7222,218.6
28/05/2019,7322,500.7
27/05/2019,7320,49.99
26/05/2019,7322,108.68
23/05/2019,7322,1219.14
22/05/2019,7429,807.18
21/05/2019,7458,285.52
20/05/2019,7398,536.93
19/05/2019,7510,148.14
16/05/2019,7530,548.24
15/05/2019,7402,142.95
14/05/2019,7386,200.06
13/05/2019,7413,1355.89
12/05/2019,7630,262.74
07/05/2019,7734,547.31
06/05/2019,7684,192.55
05/05/2019,7830,331.17
02/05/2019,7803,501.43
01/05/2019,7829,1508.61
30/04/2019,7806,708.72
29/04/2019,7863,681
28/04/2019,7868,130.69
24/04/2019,7837,233.14
23/04/2019,7742,115.96
22/04/2019,7695,308.53
21/04/2019,7752,44.5
18/04/2019,7713,1686.29
17/04/2019,7718,204.03
16/04/2019,7681,1389.68
15/04/2019,7657,1380.07
14/04/2019,7667,104.99
11/04/2019,7652,738.71
10/04/2019,7610,1091.24
08/04/2019,7607,382.89
07/04/2019,7638,460.84
04/04/2019,7572,377.73
03/04/2019,7570,166.74
02/04/2019,7507,335.5
01/04/2019,7470,468.99
31/03/2019,7403,83.91
28/03/2019,7351,413.4
27/03/2019,7408,322.92
26/03/2019,7419,430.86
25/03/2019,7339,452.48
24/03/2019,7333,874.09
20/03/2019,7389,2153.01
19/03/2019,7393,269.57
18/03/2019,7403,506.5
17/03/2019,7353,217.23
14/03/2019,7309,250.91
13/03/2019,7288,327.76
12/03/2019,7220,277.88
11/03/2019,7081,374.3
10/03/2019,7072,103.37
07/03/2019,7096,1681.59
06/03/2019,7196,401.04
05/03/2019,7189,824.4
04/03/2019,7239,936.35
03/03/2019,7200,132.39
28/02/2019,7144,404.93
27/02/2019,7117,405.57
26/02/2019,7147,921.73
25/02/2019,7197,395.49
24/02/2019,7139,137.92
21/02/2019,7098,428.51
20/02/2019,7122,746.62
19/02/2019,7104,361.22
18/02/2019,7099,129.86
17/02/2019,7111,111.97
14/02/2019,7052,930.64
13/02/2019,7086,860.03
12/02/2019,7001,71.2
11/02/2019,6977,597.49
10/02/2019,6935,133.5
07/02/2019,7008,70.14
06/02/2019,7058,964.02
05/02/2019,7016,1319.74
04/02/2019,6945,362.78
03/02/2019,6899,53
31/01/2019,6884,1040.72
30/01/2019,6755,307.13
29/01/2019,6730,136
28/01/2019,6723,191.51
27/01/2019,6811,90.45
24/01/2019,6735,1157.2
23/01/2019,6753,536.7
22/01/2019,6770,1269.72
21/01/2019,6815,53.97
20/01/2019,6917,33.41
17/01/2019,6708,221.91
16/01/2019,6774,1214.74
15/01/2019,6687,12695.11
14/01/2019,6589,84.46
13/01/2019,6696,74.53
10/01/2019,6622,349.23
09/01/2019,6630,188.2
08/01/2019,6596,693.3
07/01/2019,6490,1769.06
06/01/2019,6401,249.96
03/01/2019,6293,415.64
02/01/2019,6284,716.16
01/01/2019,6428,67.56
31/12/2018,6376,612.69
30/12/2018,6086,738.6
27/12/2018,6206,1230.98
26/12/2018,6055,2526.21
25/12/2018,5944,890.91
24/12/2018,6035,1965.22
23/12/2018,6073,975.76
20/12/2018,6364,1143.47
19/12/2018,6563,2153.79
18/12/2018,6560,1458.88
17/12/2018,6614,471.38
16/12/2018,6652,113.34
13/12/2018,6899,1098.73
12/12/2018,6870,880.44
11/12/2018,6856,909.12
10/12/2018,6717,1605.67
09/12/2018,6692,262.12
06/12/2018,6802,2977.25
05/12/2018,6961,373.29
04/12/2018,7112,667.88
03/12/2018,7192,188.49
02/12/2018,7088,508.03
29/11/2018,6958,142.16
28/11/2018,6805,91.57
27/11/2018,6726,343.93