 נתוני מדד ת"א טק - עילית,,
תאריך, מדד ,מחזור (באלפי ש''ח) 
29/03/2023,564.73,233946.34
28/03/2023,565.59,242067.38
27/03/2023,571.22,318120.98
26/03/2023,566.74,112337.07
23/03/2023,576.19,336297.50
22/03/2023,569.18,364925.82
21/03/2023,570.51,214257.66
20/03/2023,568.33,290672.41
19/03/2023,560.63,102575.19
16/03/2023,566.54,517097.37
15/03/2023,571.33,323163.41
14/03/2023,576.67,266341.70
13/03/2023,567.75,347204.01
12/03/2023,571.41,162675.57
09/03/2023,588.44,304092.68
08/03/2023,585.19,302111.71
06/03/2023,587.15,294298.38
05/03/2023,581.74,106820.79
02/03/2023,571.68,916474.61
01/03/2023,575.06,328527.56
28/02/2023,577.76,412435.66
27/02/2023,578.23,397927.50
26/02/2023,573.43,178913.77
23/02/2023,586.10,681183.71
22/02/2023,591.99,391303.19
21/02/2023,594.86,325725.91
20/02/2023,602.29,186705.95
19/02/2023,600.25,99424.99
16/02/2023,602.71,346175.64
15/02/2023,603.91,249008.18
14/02/2023,602.96,316398.23
13/02/2023,601.37,282652.04
12/02/2023,594.57,235542.24
09/02/2023,608.39,278143.79
08/02/2023,612.79,289475.36
07/02/2023,613.49,336803.30
06/02/2023,616.10,298586.71
05/02/2023,623.02,92690.45
02/02/2023,627.04,1198249.34
01/02/2023,610.79,325397.44
31/01/2023,599.59,318776.44
30/01/2023,595.31,328820.13
29/01/2023,588.00,178680.45
26/01/2023,593.86,453629.60
25/01/2023,589.98,233157.13
24/01/2023,602.85,227787.12
23/01/2023,601.82,226150.84
22/01/2023,598.22,124486.14
19/01/2023,600.19,285202.68
18/01/2023,611.86,213180.73
17/01/2023,608.89,213205.45
16/01/2023,607.10,159043.59
15/01/2023,604.57,113697.62
12/01/2023,593.15,230379.64
11/01/2023,601.62,172563.70
10/01/2023,597.73,162421.11
09/01/2023,604.10,210093.33
08/01/2023,598.24,105142.06
05/01/2023,590.13,545604.84
04/01/2023,590.01,265586.35
03/01/2023,587.21,218898.92
02/01/2023,584.23,147005.07
01/01/2023,581.95,112183.25
29/12/2022,578.22,475263.06
28/12/2022,573.96,239796.37
27/12/2022,576.38,201436.52
26/12/2022,576.85,179137.64
25/12/2022,575.96,109187.00
22/12/2022,579.57,206145.84
21/12/2022,582.01,252610.36
20/12/2022,579.40,297054.58
19/12/2022,579.53,205929.14
18/12/2022,579.70,107244.88
15/12/2022,581.72,383032.93
14/12/2022,588.16,185744.62
13/12/2022,591.05,291297.87
12/12/2022,579.71,225047.04
11/12/2022,583.50,106640.89
08/12/2022,588.08,254334.27
07/12/2022,585.92,262893.06
06/12/2022,596.25,225383.64
05/12/2022,606.59,328890.62
04/12/2022,610.60,99196.38
01/12/2022,610.60,592421.57
30/11/2022,598.12,436714.41
29/11/2022,598.22,317325.40
28/11/2022,596.84,210360.40
27/11/2022,601.52,76480.09
24/11/2022,601.53,352002.05
23/11/2022,597.61,173600.38
22/11/2022,602.38,219790.04
21/11/2022,606.69,186791.17
20/11/2022,615.12,109097.25
17/11/2022,611.10,376600.90
16/11/2022,619.51,234603.71
15/11/2022,626.80,376580.10
14/11/2022,619.45,399930.17
13/11/2022,617.98,171556.97
10/11/2022,617.88,529406.72
09/11/2022,604.18,249687.45
08/11/2022,603.38,477088.57
07/11/2022,593.15,259927.43
06/11/2022,601.70,104591.40
03/11/2022,600.27,512209.92
02/11/2022,606.58,320074.14
31/10/2022,612.23,310801.01
30/10/2022,619.65,148684.20
27/10/2022,618.77,399747.02
26/10/2022,619.69,208448.46
25/10/2022,614.57,189904.91
24/10/2022,607.79,248040.03
23/10/2022,612.15,110749.78
20/10/2022,611.54,280027.10
19/10/2022,616.08,278912.46
18/10/2022,620.50,336128.34
13/10/2022,610.70,205657.28
12/10/2022,615.56,242595.44
11/10/2022,612.76,216981.66
06/10/2022,630.92,790446.82
03/10/2022,626.51,393857.46
02/10/2022,612.52,192276.51
29/09/2022,627.88,480814.66
28/09/2022,632.24,478793.82
22/09/2022,641.76,299751.59
21/09/2022,651.44,235233.73
20/09/2022,650.43,203102.51
19/09/2022,654.22,222724.91
18/09/2022,655.61,100364.59
15/09/2022,664.50,345157.64
14/09/2022,664.67,243610.01
13/09/2022,669.60,281654.05
12/09/2022,678.30,218379.93
11/09/2022,677.61,117735.66
08/09/2022,667.89,271627.25
07/09/2022,656.30,232202.00
06/09/2022,655.96,178310.12
05/09/2022,660.92,139445.46
04/09/2022,661.54,114281.51
01/09/2022,667.81,391456.37
31/08/2022,673.28,339725.33
30/08/2022,672.48,233805.76
29/08/2022,670.63,286954.03
28/08/2022,669.41,139367.96
25/08/2022,682.12,366378.18
24/08/2022,680.40,271833.37
23/08/2022,675.43,228720.16
22/08/2022,674.31,297445.15
21/08/2022,683.92,114865.32
18/08/2022,686.03,338117.22
17/08/2022,683.41,497880.77
16/08/2022,692.67,356777.91
15/08/2022,695.50,332060.57
14/08/2022,691.85,155204.34
11/08/2022,692.74,300008.66
10/08/2022,684.64,284159.82
09/08/2022,679.27,265386.07
08/08/2022,696.01,363009.07
04/08/2022,685.41,1163499.15
03/08/2022,687.08,257916.25
02/08/2022,681.66,245406.89
01/08/2022,684.72,274651.45
31/07/2022,689.87,198937.74
28/07/2022,679.66,612902.47
27/07/2022,675.19,275014.52
26/07/2022,672.45,226422.36
25/07/2022,678.75,236200.44
24/07/2022,687.20,115202.42
21/07/2022,695.91,409336.39
20/07/2022,685.03,247831.87
19/07/2022,672.92,219813.10
18/07/2022,674.32,271471.49
17/07/2022,670.30,88137.97
14/07/2022,662.63,317494.96
13/07/2022,666.65,295241.56
12/07/2022,673.27,270152.07
11/07/2022,672.76,284243.25
10/07/2022,678.20,107020.59
07/07/2022,670.47,610947.87
06/07/2022,660.89,377623.15
05/07/2022,656.30,310030.84
04/07/2022,660.20,183043.44
03/07/2022,658.01,202642.71
30/06/2022,643.63,414704.40
29/06/2022,652.54,254460.49
28/06/2022,660.94,292052.77
27/06/2022,653.98,291388.16
26/06/2022,657.49,165403.17
23/06/2022,641.35,358022.64
22/06/2022,641.28,281380.83
21/06/2022,636.36,280541.15
20/06/2022,628.23,208671.72
19/06/2022,624.99,150726.44
16/06/2022,614.86,503646.35
15/06/2022,626.71,244062.41
14/06/2022,617.77,275361.25
13/06/2022,618.51,314232.59
12/06/2022,634.54,141012.45
09/06/2022,662.26,278754.80
08/06/2022,670.79,231799.44
07/06/2022,663.37,283632.32
06/06/2022,672.79,250745.18
02/06/2022,667.94,435056.67
01/06/2022,667.86,284757.43
31/05/2022,662.82,1729409.01
30/05/2022,668.89,249308.00
29/05/2022,675.22,183196.21
26/05/2022,650.35,437613.60
25/05/2022,633.16,320355.43
24/05/2022,638.25,341604.17
23/05/2022,657.80,343076.81
22/05/2022,660.39,130686.78
19/05/2022,649.98,489146.13
18/05/2022,666.04,363705.89
17/05/2022,660.36,308324.10
16/05/2022,658.29,358806.97
15/05/2022,655.92,167944.99
12/05/2022,641.86,528132.39
11/05/2022,653.01,326692.54
10/05/2022,659.73,478538.45
09/05/2022,657.13,704869.59
08/05/2022,673.87,215507.05
03/05/2022,692.72,365526.34
02/05/2022,687.40,439900.68
01/05/2022,698.59,113701.89
28/04/2022,702.10,589625.54
27/04/2022,698.68,299868.34
26/04/2022,707.53,275624.28
25/04/2022,711.96,413763.42
24/04/2022,711.51,151127.27
20/04/2022,727.90,205664.54
19/04/2022,719.38,158260.29
18/04/2022,718.97,89030.02
17/04/2022,718.12,69516.12
14/04/2022,724.22,294400.80
13/04/2022,719.76,268337.13
12/04/2022,724.05,310687.00
11/04/2022,722.85,352514.07
10/04/2022,733.59,158573.21
07/04/2022,740.48,1032589.83
06/04/2022,737.85,373287.89
05/04/2022,750.83,463976.53
04/04/2022,747.68,398984.03
03/04/2022,731.93,182240.98
31/03/2022,729.57,360366.73
30/03/2022,738.96,377020.83
29/03/2022,741.28,426228.02
28/03/2022,742.20,344713.41
27/03/2022,741.53,246018.82
24/03/2022,740.77,476771.66
23/03/2022,747.60,471788.22
22/03/2022,752.56,351169.40
21/03/2022,745.62,404611.85
20/03/2022,750.19,194234.22
16/03/2022,728.39,797194.07
15/03/2022,712.70,365161.94
14/03/2022,716.77,369743.96
13/03/2022,721.95,177121.57
10/03/2022,737.07,465697.80
09/03/2022,734.67,535300.52
08/03/2022,713.81,615998.08
07/03/2022,715.90,503000.31
06/03/2022,718.83,193623.98
03/03/2022,731.39,640949.86
02/03/2022,733.80,453256.34
01/03/2022,729.47,494251.82
28/02/2022,719.47,498893.67
27/02/2022,707.39,276363.76
24/02/2022,687.67,812594.53
23/02/2022,710.94,302454.82
22/02/2022,721.90,354534.28
21/02/2022,722.46,257388.48
20/02/2022,722.02,235657.07
17/02/2022,738.78,484642.59
16/02/2022,743.12,376829.39
15/02/2022,739.43,881439.13
14/02/2022,724.08,334790.08
13/02/2022,717.33,203403.82
10/02/2022,744.34,328665.28
09/02/2022,737.82,344681.39
08/02/2022,722.27,322656.43
07/02/2022,724.58,337045.10
06/02/2022,724.09,129678.37
03/02/2022,721.42,1394544.96
02/02/2022,732.55,381147.87
01/02/2022,723.36,367882.17
31/01/2022,715.85,376218.37
30/01/2022,708.86,227202.56
27/01/2022,712.03,691691.64
26/01/2022,719.56,427052.39
25/01/2022,706.16,459412.15
24/01/2022,700.28,542574.56
23/01/2022,729.69,348490.49
20/01/2022,766.39,538133.78
19/01/2022,769.12,360770.78
18/01/2022,780.64,382391.49
17/01/2022,791.59,232404.57
16/01/2022,790.52,199214.29
13/01/2022,800.66,456423.99
12/01/2022,804.73,304916.17
11/01/2022,797.72,334394.99
10/01/2022,783.25,399899.75
09/01/2022,793.21,193285.62
06/01/2022,802.95,770326.45
05/01/2022,825.17,361288.44
04/01/2022,827.54,351844.40
03/01/2022,836.46,425881.37
02/01/2022,832.79,211970.62
30/12/2021,824.57,491894.14
29/12/2021,817.64,325905.62
28/12/2021,822.54,449119.63
27/12/2021,824.88,339537.72
26/12/2021,824.41,206657.38
23/12/2021,817.81,396580.65
22/12/2021,811.07,308863.87
21/12/2021,798.20,334950.31
20/12/2021,790.54,348206.21
19/12/2021,800.34,156763.70
16/12/2021,803.11,487364.01
15/12/2021,790.20,321879.52
14/12/2021,793.94,335482.42
13/12/2021,800.34,314929.02
12/12/2021,805.80,119259.69
09/12/2021,814.77,364085.72
08/12/2021,813.27,323838.37
07/12/2021,814.33,363571.92
06/12/2021,790.18,310145.05
05/12/2021,792.27,140066.57
02/12/2021,800.31,678567.69
01/12/2021,818.69,297031.81
30/11/2021,812.07,584383.25
29/11/2021,818.20,265807.76
28/11/2021,814.10,247820.69
25/11/2021,825.78,355932.78
24/11/2021,820.05,258501.95
23/11/2021,825.14,307533.47
22/11/2021,835.13,330449.13
21/11/2021,831.80,137962.37
18/11/2021,837.34,417690.54
17/11/2021,840.29,266187.52
16/11/2021,844.55,286762.90
15/11/2021,853.84,337414.71
14/11/2021,853.30,166774.77
11/11/2021,846.65,448340.37
10/11/2021,842.56,329565.67
09/11/2021,841.17,355277.71
08/11/2021,840.98,311430.42
07/11/2021,839.76,164116.26
04/11/2021,835.15,765771.07
03/11/2021,835.57,352158.34
02/11/2021,833.97,488686.65
01/11/2021,824.87,418550.50
31/10/2021,815.79,180338.74
28/10/2021,809.67,457399.12
27/10/2021,813.45,367233.43
26/10/2021,817.63,465619.45
25/10/2021,809.06,316162.59
24/10/2021,803.06,160346.34
21/10/2021,803.65,339504.14
20/10/2021,805.48,271843.66
19/10/2021,806.30,263212.36
18/10/2021,803.01,274426.89
17/10/2021,806.92,165943.11
14/10/2021,807.93,438831.82
13/10/2021,797.77,367483.62
12/10/2021,790.81,309361.40
11/10/2021,786.99,273218.29
10/10/2021,786.73,124554.82
07/10/2021,786.91,695528.88
06/10/2021,773.29,366770.86
05/10/2021,781.55,352739.39
04/10/2021,772.57,309282.06
03/10/2021,784.46,138050.20
30/09/2021,788.41,352707.64
29/09/2021,793.20,347893.97
26/09/2021,806.65,145559.26
23/09/2021,806.21,295229.13
22/09/2021,795.10,234709.06
19/09/2021,805.26,208155.25
14/09/2021,797.50,543109.53
13/09/2021,794.77,410095.70
12/09/2021,793.85,210223.29
09/09/2021,800.17,459273.94
05/09/2021,801.88,120645.69
02/09/2021,797.56,557021.10
01/09/2021,800.47,273659.18
31/08/2021,796.12,394016.13
30/08/2021,799.58,245257.09
29/08/2021,801.64,132748.76
26/08/2021,793.41,606462.29
25/08/2021,791.35,247113.73
24/08/2021,781.59,283576.82
23/08/2021,774.14,262493.29
22/08/2021,762.86,119105.83
19/08/2021,760.06,290719.37
18/08/2021,761.56,255596.37
17/08/2021,755.83,288090.79
16/08/2021,761.81,300109.85
15/08/2021,773.69,161715.92
12/08/2021,780.45,377060.79
11/08/2021,773.66,311578.68
10/08/2021,781.23,315822.11
09/08/2021,777.57,280551.50
08/08/2021,778.72,157906.05
05/08/2021,775.90,1610836.48
04/08/2021,776.38,299141.40
03/08/2021,772.85,299943.03
02/08/2021,784.94,287196.42
01/08/2021,781.98,140369.25
29/07/2021,783.93,452253.61
28/07/2021,777.20,283771.53
27/07/2021,767.71,287342.85
26/07/2021,782.42,272300.63
25/07/2021,782.77,129338.04
22/07/2021,779.32,315050.51
21/07/2021,776.89,295831.44
20/07/2021,758.64,366943.85
19/07/2021,745.01,414236.81
15/07/2021,768.92,423030.78
14/07/2021,784.52,222986.04
13/07/2021,787.42,214415.45
12/07/2021,790.82,242660.74
11/07/2021,793.24,117076.48
08/07/2021,780.92,422481.26
07/07/2021,799.94,250704.45
06/07/2021,799.23,280438.31
05/07/2021,800.59,185474.77
04/07/2021,798.56,108928.78
01/07/2021,798.92,465293.63
30/06/2021,801.51,474761.53
29/06/2021,803.52,310386.97
28/06/2021,804.51,309891.22
27/06/2021,792.65,137880.84
24/06/2021,789.91,422793.51
23/06/2021,785.15,335676.25
22/06/2021,776.87,279514.96
21/06/2021,774.80,324337.14
20/06/2021,774.44,141440.88
17/06/2021,772.26,880566.23
16/06/2021,779.29,261139.02
15/06/2021,783.29,362650.69
14/06/2021,786.20,334374.28
13/06/2021,783.03,167565.33
10/06/2021,770.26,315276.64
09/06/2021,773.00,310968.51
08/06/2021,771.10,322232.84
07/06/2021,763.50,219671.97
06/06/2021,765.71,135178.37
03/06/2021,759.68,566230.79
02/06/2021,768.77,273837.71
01/06/2021,769.76,259090.51
31/05/2021,776.64,229170.43
30/05/2021,781.84,121236.59
27/05/2021,774.73,669644.46
26/05/2021,768.08,306757.66
25/05/2021,771.30,324722.16
24/05/2021,773.05,410786.00
23/05/2021,771.37,180537.63
20/05/2021,761.91,409978.91
19/05/2021,740.70,297696.56
18/05/2021,750.58,345114.66
13/05/2021,745.13,333935.28
12/05/2021,739.76,326624.22
11/05/2021,740.59,426611.54
10/05/2021,761.04,340876.76
09/05/2021,777.08,126051.14
06/05/2021,770.73,784564.47
05/05/2021,785.67,345819.99
04/05/2021,779.76,395021.32
03/05/2021,804.95,295485.80
02/05/2021,799.98,118779.13
29/04/2021,807.44,386508.79
28/04/2021,807.86,284280.41
27/04/2021,805.76,262948.45
26/04/2021,805.09,359236.98
25/04/2021,802.07,109402.01
22/04/2021,795.78,337956.53
21/04/2021,785.15,290438.49
20/04/2021,782.60,355427.31
19/04/2021,795.49,345670.24
18/04/2021,808.18,173005.66
13/04/2021,806.55,644076.46
12/04/2021,807.02,365237.93
11/04/2021,819.53,151215.64
08/04/2021,812.96,325234.54
07/04/2021,812.20,258581.61
06/04/2021,811.07,371157.74
05/04/2021,818.77,1478612.49
04/04/2021,824.00,190678.16
01/04/2021,807.10,224402.09
31/03/2021,790.01,248772.60
30/03/2021,785.39,191248.45
29/03/2021,799.73,203833.83
25/03/2021,772.97,519053.34
24/03/2021,796.15,379134.53
22/03/2021,813.69,295426.93
21/03/2021,808.25,96067.73
18/03/2021,812.03,911388.13
17/03/2021,810.73,386263.99
16/03/2021,832.33,460215.96
15/03/2021,829.32,419830.48
14/03/2021,822.59,164362.77
11/03/2021,810.97,402962.27
10/03/2021,798.61,303392.83
09/03/2021,787.50,332512.13
08/03/2021,770.60,410652.96
07/03/2021,779.70,169866.70
04/03/2021,785.47,944282.94
03/03/2021,812.70,423783.88
02/03/2021,831.90,443743.56
01/03/2021,828.81,637604.75
28/02/2021,807.96,241216.62
25/02/2021,812.64,582261.27
24/02/2021,812.63,387936.02
23/02/2021,809.98,515639.53
22/02/2021,864.63,372023.74
21/02/2021,879.23,169021.60
18/02/2021,870.14,507583.69
17/02/2021,890.54,390483.79
16/02/2021,909.32,426764.21
15/02/2021,900.70,338945.28
14/02/2021,893.66,209328.70
11/02/2021,896.96,547953.06
10/02/2021,906.41,544708.78
09/02/2021,902.74,533290.92
08/02/2021,892.27,503084.77
07/02/2021,874.98,252010.57
04/02/2021,848.98,1570709.99
03/02/2021,857.61,341342.40
02/02/2021,852.19,432536.06
01/02/2021,838.93,393980.63
31/01/2021,818.94,208778.73
28/01/2021,836.18,791755.26
27/01/2021,829.83,615535.13
26/01/2021,836.79,426608.23
25/01/2021,841.05,453019.98
24/01/2021,821.88,219404.75
21/01/2021,831.40,551835.95
20/01/2021,848.42,435989.67
19/01/2021,829.33,455308.03
18/01/2021,821.86,276448.64
17/01/2021,814.96,260392.88
14/01/2021,808.97,445928.18
13/01/2021,791.54,381230.52
12/01/2021,783.97,451017.48
11/01/2021,789.25,387168.60
10/01/2021,793.14,225945.96
07/01/2021,774.66,814069.82
06/01/2021,760.22,372387.40
05/01/2021,755.99,318289.59
04/01/2021,759.97,250483.38
03/01/2021,760.13,108184.71
31/12/2020,758.52,282520.22
30/12/2020,760.55,317860.46
29/12/2020,751.74,327501.15
28/12/2020,763.18,297442.27
27/12/2020,765.52,150142.09
24/12/2020,760.74,507266.89
23/12/2020,753.21,307015.55
22/12/2020,746.75,330759.59
21/12/2020,728.09,380354.00
20/12/2020,735.19,249576.09
17/12/2020,733.41,535103.56
16/12/2020,731.72,285790.21
15/12/2020,735.85,297630.85
14/12/2020,737.81,318295.99
13/12/2020,728.92,139620.57
10/12/2020,724.15,286310.77
09/12/2020,734.06,318680.82
08/12/2020,731.83,254032.78
07/12/2020,735.81,273898.61
06/12/2020,736.67,157052.68
03/12/2020,730.77,1039994.90
02/12/2020,717.60,361973.08
01/12/2020,733.74,361666.25
30/11/2020,733.59,541588.16
29/11/2020,738.27,187784.56
26/11/2020,729.95,415691.32
25/11/2020,721.64,374804.74
24/11/2020,730.25,406514.68
23/11/2020,728.94,331759.85
22/11/2020,717.66,164795.55
19/11/2020,712.69,353339.50
18/11/2020,722.49,316807.29
17/11/2020,717.82,332524.37
16/11/2020,726.46,351417.16
15/11/2020,725.65,140834.11
12/11/2020,722.93,424743.29
11/11/2020,719.99,334168.25
10/11/2020,715.67,506997.13
09/11/2020,731.65,551582.80
08/11/2020,739.27,155085.34
05/11/2020,734.15,672325.09
04/11/2020,725.42,269794.92
03/11/2020,709.23,224261.39
02/11/2020,709.89,246950.05
01/11/2020,699.88,135415.78
29/10/2020,720.16,455866.11
28/10/2020,705.36,331640.23
27/10/2020,724.62,343512.50
26/10/2020,722.13,355049.97
25/10/2020,735.35,135857.72
22/10/2020,733.77,247032.33
21/10/2020,745.11,224644.47
20/10/2020,750.14,349531.75
19/10/2020,751.39,412697.97
18/10/2020,745.44,140974.40
15/10/2020,741.48,733611.71
14/10/2020,756.60,374554.03
13/10/2020,753.57,498409.79
12/10/2020,754.85,442366.74
11/10/2020,753.38,215377.40
08/10/2020,740.31,250252.99
07/10/2020,725.87,215197.05
06/10/2020,722.96,249054.13
05/10/2020,720.97,243754.87
04/10/2020,715.73,146341.09
01/10/2020,709.37,767690.39
30/09/2020,706.68,357109.22
29/09/2020,700.59,369054.07
24/09/2020,675.41,524708.50
23/09/2020,691.49,372540.38
22/09/2020,698.84,232403.94
21/09/2020,691.77,267298.05
17/09/2020,690.78,454118.20
16/09/2020,698.34,222533.13
15/09/2020,701.79,229556.71
14/09/2020,695.06,226180.01
13/09/2020,680.03,156138.35
10/09/2020,686.57,397573.43
09/09/2020,687.49,267760.39
08/09/2020,688.69,387691.06
07/09/2020,702.54,255218.80
06/09/2020,696.10,217418.58
03/09/2020,706.92,1043567.23
02/09/2020,734.13,369526.83
01/09/2020,732.56,300186.93
31/08/2020,732.77,283321.44
30/08/2020,736.83,162330.54
27/08/2020,745.90,529918.40
26/08/2020,758.57,276177.52
25/08/2020,756.10,316044.42
24/08/2020,762.66,334272.67
23/08/2020,760.08,164841.80
20/08/2020,756.78,280286.46
19/08/2020,765.74,256619.25
18/08/2020,766.18,287197.05
17/08/2020,765.21,251890.58
16/08/2020,763.46,163554.41
13/08/2020,753.10,373184.76
12/08/2020,754.00,293511.23
11/08/2020,747.91,352526.06
10/08/2020,751.95,237809.54
09/08/2020,757.54,173980.82
06/08/2020,758.96,2526606.19
05/08/2020,763.43,521783.63
04/08/2020,746.85,446060.85
03/08/2020,732.29,379111.90
02/08/2020,725.02,204294.89
29/07/2020,714.99,492835.67
28/07/2020,720.25,337356.82
27/07/2020,717.12,316543.74
26/07/2020,708.78,108710.13
23/07/2020,725.10,271811.26
22/07/2020,723.13,252839.35
21/07/2020,721.65,366196.05
20/07/2020,700.02,233381.91
19/07/2020,686.62,101817.59
16/07/2020,671.56,183946.70
15/07/2020,673.85,208014.82
14/07/2020,652.40,252744.91
13/07/2020,673.78,220080.36
12/07/2020,667.86,109901.33
09/07/2020,668.28,238701.61
08/07/2020,659.38,185780.42
07/07/2020,661.60,209356.95
06/07/2020,661.90,211712.92
05/07/2020,651.42,92268.87
02/07/2020,659.92,564294.80
01/07/2020,650.62,289844.18
30/06/2020,639.02,275830.04
29/06/2020,625.71,258983.13
28/06/2020,623.40,158646.20
25/06/2020,640.57,320719.06
24/06/2020,649.22,350076.53
23/06/2020,663.91,290894.72
22/06/2020,652.19,325691.96
21/06/2020,645.91,162811.46
18/06/2020,661.72,469974.57
17/06/2020,662.46,249507.57
16/06/2020,663.73,361494.32
15/06/2020,639.79,237946.59
14/06/2020,639.89,114289.22
11/06/2020,639.80,310389.38
10/06/2020,654.45,274857.59
09/06/2020,645.59,247750.16
08/06/2020,645.36,376749.88
04/06/2020,644.96,723136.22
03/06/2020,649.07,271249.91
02/06/2020,647.11,328745.21
01/06/2020,645.37,438201.04
31/05/2020,639.71,215087.84
27/05/2020,636.26,572221.10
26/05/2020,644.40,377702.68
25/05/2020,643.59,264932.96
24/05/2020,642.60,164194.36
21/05/2020,637.85,241740.43
20/05/2020,635.47,242305.06
19/05/2020,630.60,241649.73
18/05/2020,626.11,290454.25
17/05/2020,613.67,148782.58
14/05/2020,587.60,387063.57
13/05/2020,617.94,388014.21
12/05/2020,620.66,345188.09
11/05/2020,616.04,333492.14
10/05/2020,607.35,160520.96
07/05/2020,589.07,687516.84
06/05/2020,581.80,316636.83
05/05/2020,576.18,285628.87
04/05/2020,558.45,253969.46
03/05/2020,558.97,144638.53
30/04/2020,573.32,365949.51
27/04/2020,566.72,304426.54
26/04/2020,558.19,165759.94
23/04/2020,547.74,469691.35
22/04/2020,534.85,281433.15
21/04/2020,534.02,260805.59
20/04/2020,538.27,310088.13
19/04/2020,544.60,208001.10
16/04/2020,523.40,524903.68
13/04/2020,514.92,170674.63
12/04/2020,516.95,199352.70
07/04/2020,504.21,354481.24
06/04/2020,488.39,246943.97
05/04/2020,460.59,108898.05
02/04/2020,470.59,678759.81
01/04/2020,461.89,269562.98
31/03/2020,474.49,420239.34
30/03/2020,464.52,277378.48
29/03/2020,458.14,133388.10
26/03/2020,469.28,608593.08
25/03/2020,454.27,365273.29
24/03/2020,443.70,319080.54
23/03/2020,408.85,323504.22
22/03/2020,407.67,201411.87
19/03/2020,421.10,425033.30
18/03/2020,413.84,335184.48
17/03/2020,446.96,413952.57
16/03/2020,439.83,376789.30
15/03/2020,455.11,283991.86
12/03/2020,442.19,603204.75
11/03/2020,484.19,454478.30
09/03/2020,493.91,725321.86
08/03/2020,515.70,503174.71
05/03/2020,525.47,566623.30
04/03/2020,533.28,237570.91
03/03/2020,541.49,347694.18
01/03/2020,534.27,255662.17
27/02/2020,536.56,521128.98
26/02/2020,557.46,325680.43
25/02/2020,563.10,231041.74
24/02/2020,563.22,418021.25
23/02/2020,573.72,150381.86
20/02/2020,587.38,246112.03
19/02/2020,589.59,238190.30
18/02/2020,583.13,277037.16
17/02/2020,589.67,135203.88
16/02/2020,590.55,106363.65
13/02/2020,591.60,252420.19
12/02/2020,596.17,231424.26
11/02/2020,592.84,188951.58
10/02/2020,585.10,199398.10
09/02/2020,578.71,113788.88
06/02/2020,592.84,1088381.29
05/02/2020,592.05,326194.23
04/02/2020,581.67,291859.28
03/02/2020,566.43,346830.27
02/02/2020,560.92,238987.58
30/01/2020,583.18,487705.56
29/01/2020,588.43,247353.22
28/01/2020,586.38,302130.88
27/01/2020,583.88,327484.52
26/01/2020,597.61,108849.11
23/01/2020,608.14,256359.35
22/01/2020,607.65,204528.84
21/01/2020,594.78,307704.08
20/01/2020,591.31,230964.54
19/01/2020,594.93,134606.70
16/01/2020,590.49,294244.83
15/01/2020,588.02,230525.24
14/01/2020,581.82,243328.45
13/01/2020,576.94,207492.86
12/01/2020,573.58,122551.98
09/01/2020,571.22,241799.58
08/01/2020,565.46,194481.84
07/01/2020,560.06,202983.67
06/01/2020,553.79,194253.92
05/01/2020,558.02,108679.93
02/01/2020,556.14,421155.37
01/01/2020,553.23,141748.83
31/12/2019,544.55,162463.68
30/12/2019,539.04,159530.03
29/12/2019,541.42,86950.88
26/12/2019,546.03,414666.98
25/12/2019,546.03,108900.50
24/12/2019,547.73,130861.14
23/12/2019,542.78,203911.97
22/12/2019,543.00,83033.53
19/12/2019,540.69,296525.22
18/12/2019,547.65,158858.99
17/12/2019,545.96,193131.10
16/12/2019,544.94,172204.86
15/12/2019,543.26,54445.91
12/12/2019,545.87,221338.21
11/12/2019,543.11,129344.62
10/12/2019,541.39,163360.84
09/12/2019,542.81,139608.73
08/12/2019,539.48,82503.86
05/12/2019,537.02,424529.68
04/12/2019,536.27,214865.60
03/12/2019,529.38,228061.59
02/12/2019,538.48,224167.18
01/12/2019,543.79,101729.30
28/11/2019,544.15,330712.77
27/11/2019,543.22,156898.10
26/11/2019,543.91,382597.04
25/11/2019,543.18,255028.88
24/11/2019,533.51,88905.27
21/11/2019,532.04,206599.49
20/11/2019,535.79,169260.29
19/11/2019,532.08,204423.76
18/11/2019,533.11,190678.66
17/11/2019,533.11,98685.80
14/11/2019,526.90,201371.94
13/11/2019,520.36,236512.33
12/11/2019,519.47,160925.98
11/11/2019,520.43,170851.33
10/11/2019,526.77,79431.59
07/11/2019,532.27,419474.33
06/11/2019,536.81,176575.85
05/11/2019,538.84,161876.65
04/11/2019,539.22,155799.06
03/11/2019,538.50,83015.34
31/10/2019,533.68,256114.66
30/10/2019,532.13,140093.28
29/10/2019,532.12,174132.82
28/10/2019,533.22,188264.55
27/10/2019,528.49,88730.12
24/10/2019,524.72,272803.87
23/10/2019,521.05,233760.97
22/10/2019,528.94,236603.29
17/10/2019,526.42,124124.80
16/10/2019,524.69,101182.46
15/10/2019,521.48,119142.45
10/10/2019,515.39,197143.29
07/10/2019,515.81,142519.39
06/10/2019,511.35,90867.83
03/10/2019,502.73,374550.55
02/10/2019,503.06,198196.47
26/09/2019,514.19,360433.31
25/09/2019,508.77,129229.78
24/09/2019,514.63,142020.88
23/09/2019,511.78,122303.36
22/09/2019,511.79,59864.41
19/09/2019,513.12,245479.02
18/09/2019,511.53,141475.10
16/09/2019,508.80,138370.69
15/09/2019,507.18,62858.84
12/09/2019,505.35,167975.83
11/09/2019,501.70,185372.42
10/09/2019,500.95,184242.28
09/09/2019,500.97,143889.28
08/09/2019,502.28,70958.06
05/09/2019,502.85,681421.70
04/09/2019,501.31,198479.05
03/09/2019,499.72,186981.62
02/09/2019,501.76,112070.97
01/09/2019,500.47,77395.95
29/08/2019,499.87,460723.16
28/08/2019,492.74,148191.31
27/08/2019,498.46,238623.99
26/08/2019,495.94,158716.45
25/08/2019,490.49,94948.24
22/08/2019,508.19,180960.91
21/08/2019,503.25,168388.93
20/08/2019,498.98,161650.41
19/08/2019,493.79,187942.34
18/08/2019,483.02,86870.00
15/08/2019,474.53,208501.99
14/08/2019,477.98,194019.34
13/08/2019,487.55,160523.32
12/08/2019,478.83,188880.14
08/08/2019,484.41,269351.63
07/08/2019,470.06,148291.98
06/08/2019,468.57,215447.29
05/08/2019,465.15,225462.79
04/08/2019,476.44,107576.72
01/08/2019,483.28,429691.63
31/07/2019,482.57,167031.49
30/07/2019,476.86,131726.13
29/07/2019,479.35,196511.24
28/07/2019,481.87,79927.08
25/07/2019,476.67,285952.13
24/07/2019,475.37,196604.76
23/07/2019,472.80,141624.04
22/07/2019,469.81,117260.78
21/07/2019,467.51,60465.02
18/07/2019,468.26,196082.34
17/07/2019,471.63,128278.33
16/07/2019,476.31,125450.08
15/07/2019,475.93,132126.63
14/07/2019,475.34,50569.19
11/07/2019,471.50,132532.21
10/07/2019,470.62,208863.78
09/07/2019,466.84,159615.34
08/07/2019,465.97,269147.27
07/07/2019,469.83,61701.48
04/07/2019,469.00,128006.55
03/07/2019,467.94,290911.53
02/07/2019,469.27,153978.96
01/07/2019,468.67,185736.02
30/06/2019,466.78,105782.17
27/06/2019,453.36,277732.88
26/06/2019,453.94,179798.37
25/06/2019,456.07,133013.96
24/06/2019,461.54,141109.28
23/06/2019,461.23,73622.80
20/06/2019,459.10,299329.14
19/06/2019,458.99,175146.59
18/06/2019,456.49,171597.01
17/06/2019,448.66,184991.35
16/06/2019,450.85,57821.72
13/06/2019,449.80,156241.85
12/06/2019,443.72,110738.61
11/06/2019,447.23,145503.74
10/06/2019,451.99,139858.89
06/06/2019,445.11,398578.15
05/06/2019,447.18,172972.89
04/06/2019,442.88,202398.73
03/06/2019,437.53,194576.69
02/06/2019,435.74,85735.55
30/05/2019,441.47,255160.41
29/05/2019,438.36,189781.64
28/05/2019,445.39,292040.68
27/05/2019,443.53,128246.85
26/05/2019,447.26,99463.24
23/05/2019,447.62,236296.64
22/05/2019,454.50,165466.72
21/05/2019,448.79,183877.65
20/05/2019,442.99,156612.72
19/05/2019,445.96,72915.49
16/05/2019,446.81,202182.99
15/05/2019,441.08,160849.08
14/05/2019,440.04,139479.06
13/05/2019,436.80,181720.40
12/05/2019,448.28,66436.67
07/05/2019,454.41,167141.22
06/05/2019,449.65,138488.40
05/05/2019,454.31,67395.23
02/05/2019,451.74,425429.85
01/05/2019,454.05,151915.56
30/04/2019,458.70,195019.66
29/04/2019,463.90,133711.03
28/04/2019,465.39,96965.78
24/04/2019,464.73,185153.01
23/04/2019,459.14,82626.48
22/04/2019,457.19,59118.79
21/04/2019,458.41,60540.65
18/04/2019,455.93,238736.21
17/04/2019,460.20,178677.93
16/04/2019,462.65,176769.99
15/04/2019,462.43,159873.29
14/04/2019,464.58,98078.13
11/04/2019,463.98,144079.36
10/04/2019,460.10,174591.24
08/04/2019,456.49,119119.66
07/04/2019,456.02,84286.45
04/04/2019,451.81,307117.68
03/04/2019,457.80,161890.59
02/04/2019,454.93,120687.71
01/04/2019,452.39,180357.11
31/03/2019,447.47,65286.33
28/03/2019,443.19,262425.17
27/03/2019,442.69,136010.83
26/03/2019,444.24,150576.29
25/03/2019,434.92,150102.16
24/03/2019,438.75,57445.37
20/03/2019,443.21,161585.37
19/03/2019,442.58,156847.56
18/03/2019,441.56,140204.95
17/03/2019,440.05,83650.04
14/03/2019,437.13,203942.62
13/03/2019,440.32,139074.45
12/03/2019,434.83,174886.05
11/03/2019,431.04,186998.08
10/03/2019,428.18,55729.44
07/03/2019,427.41,368783.10
06/03/2019,434.39,115764.68
05/03/2019,436.02,108417.49
04/03/2019,440.91,168910.97
03/03/2019,439.89,83108.76
28/02/2019,435.93,242838.19
27/02/2019,435.25,144930.44
26/02/2019,440.99,152455.12
25/02/2019,442.37,172660.78
24/02/2019,438.63,80670.84
21/02/2019,434.46,283575.21
20/02/2019,435.98,160018.94
19/02/2019,434.16,169083.85
18/02/2019,432.57,100340.41
17/02/2019,433.14,88060.19
14/02/2019,430.65,223733.79
13/02/2019,429.85,198125.06
12/02/2019,425.77,199521.83
11/02/2019,424.18,142064.03
10/02/2019,421.80,98707.00
07/02/2019,421.69,619568.69
06/02/2019,426.19,128173.93
05/02/2019,426.12,148520.46
04/02/2019,427.92,119296.75
03/02/2019,429.87,67646.21
31/01/2019,428.56,161061.08
30/01/2019,425.78,98016.88
29/01/2019,422.33,118839.05
28/01/2019,421.61,158401.37
27/01/2019,421.26,50951.11
24/01/2019,417.80,182026.70
23/01/2019,414.38,97119.72
22/01/2019,413.67,99615.64
21/01/2019,415.02,47857.04
20/01/2019,416.14,78128.11
17/01/2019,411.01,159583.43
16/01/2019,413.31,124407.98
15/01/2019,408.50,102714.88
14/01/2019,405.90,137083.02
13/01/2019,408.79,71987.38
10/01/2019,404.78,123428.85
09/01/2019,406.55,136850.61
08/01/2019,405.44,168596.47
07/01/2019,399.83,144162.92
06/01/2019,396.86,80905.77
03/01/2019,387.62,337287.00
02/01/2019,389.71,133015.88
01/01/2019,392.16,75317.75
31/12/2018,387.94,150128.45
30/12/2018,386.91,125378.59
27/12/2018,374.00,318202.31
26/12/2018,372.98,145260.02
25/12/2018,369.89,152311.65
24/12/2018,365.61,202659.66
23/12/2018,372.03,204317.08
20/12/2018,389.84,258386.10
19/12/2018,401.36,210054.01
18/12/2018,398.92,191867.05
17/12/2018,406.01,130458.55
16/12/2018,408.17,43267.24
13/12/2018,416.44,194266.12
12/12/2018,416.41,147651.00
11/12/2018,417.85,199007.83
10/12/2018,414.72,119295.30
09/12/2018,416.77,72142.47
06/12/2018,418.16,375402.61
05/12/2018,430.06,252323.35
04/12/2018,427.56,149100.91
03/12/2018,431.23,184267.05
02/12/2018,428.22,89156.82
29/11/2018,419.77,353707.77
28/11/2018,418.05,133456.84
27/11/2018,414.37,126184.98
26/11/2018,413.24,120865.97
25/11/2018,410.21,78793.20
22/11/2018,411.08,93887.23
21/11/2018,412.90,158517.11
20/11/2018,409.43,188437.94
19/11/2018,416.19,135172.61
18/11/2018,418.93,51638.92
15/11/2018,416.01,143525.06
14/11/2018,419.14,150604.63
13/11/2018,421.62,148825.22
12/11/2018,421.85,169475.78
11/11/2018,426.72,70413.06
08/11/2018,430.70,223002.74
07/11/2018,429.03,140516.74
06/11/2018,425.80,153852.13
05/11/2018,426.49,129957.23
04/11/2018,429.70,54633.92
01/11/2018,427.69,293635.32
31/10/2018,421.71,207390.82
29/10/2018,416.37,330004.27
28/10/2018,417.21,72645.30
25/10/2018,416.61,323007.41
24/10/2018,419.50,154434.41
23/10/2018,415.17,157447.38
22/10/2018,422.80,152994.10
21/10/2018,422.36,50971.22
18/10/2018,429.31,137966.33
17/10/2018,428.20,175831.19
16/10/2018,426.49,151251.70
15/10/2018,418.89,179677.73
14/10/2018,421.63,58495.71
11/10/2018,419.53,296179.74
10/10/2018,425.42,184122.02
09/10/2018,433.48,181485.42
08/10/2018,434.68,161202.66
07/10/2018,436.50,64768.89
04/10/2018,442.30,212109.88
03/10/2018,447.49,141535.51
02/10/2018,446.52,202065.64
27/09/2018,442.31,334491.91
26/09/2018,445.18,116785.21
25/09/2018,448.15,180106.96
20/09/2018,444.58,374990.41
17/09/2018,437.97,197162.00
16/09/2018,437.28,75669.76
13/09/2018,433.50,168204.27
12/09/2018,439.40,214512.49
06/09/2018,442.44,340412.11
05/09/2018,440.65,152086.25
04/09/2018,448.87,156450.70
03/09/2018,453.02,106407.99
02/09/2018,452.20,84460.05
30/08/2018,448.17,267455.44
29/08/2018,448.36,160851.66
28/08/2018,447.57,153350.21
27/08/2018,448.46,193533.24
26/08/2018,444.83,92052.83
23/08/2018,442.56,193644.37
22/08/2018,436.81,119176.89
21/08/2018,434.62,190646.05
20/08/2018,431.54,128566.49
19/08/2018,427.95,81103.56
16/08/2018,423.21,228615.85
15/08/2018,419.87,194920.27
14/08/2018,423.80,175580.40
13/08/2018,424.15,126042.61
12/08/2018,425.10,59839.33
09/08/2018,423.75,178688.27
08/08/2018,421.82,204512.94
07/08/2018,423.55,197877.13
06/08/2018,426.04,127909.77
05/08/2018,425.39,100668.73
02/08/2018,419.27,527790.81
01/08/2018,423.46,227177.52
31/07/2018,422.77,171690.24
30/07/2018,422.85,211251.52
29/07/2018,421.93,61429.25
26/07/2018,426.54,337061.44
25/07/2018,427.22,196411.90
24/07/2018,429.87,143522.70
23/07/2018,425.46,98025.96
19/07/2018,425.81,132614.40
18/07/2018,424.88,122105.26
17/07/2018,424.42,169977.26
16/07/2018,422.76,131486.08
15/07/2018,424.11,55222.60
12/07/2018,425.14,135934.68
11/07/2018,420.75,84192.35
10/07/2018,421.00,167766.60
09/07/2018,416.57,135581.18
08/07/2018,416.11,48296.78
05/07/2018,411.70,192052.62
04/07/2018,413.67,67300.90
03/07/2018,415.95,171887.54
02/07/2018,412.97,151925.18
01/07/2018,412.63,55523.84
28/06/2018,410.04,199207.46
27/06/2018,414.26,155162.00
26/06/2018,413.61,128495.55
25/06/2018,412.83,146132.81
24/06/2018,419.86,65594.22
21/06/2018,421.23,200537.79
20/06/2018,421.98,133560.83
19/06/2018,418.85,195609.37
18/06/2018,421.15,224180.58
17/06/2018,425.07,66596.79
14/06/2018,424.82,292903.18
13/06/2018,424.06,157071.66
12/06/2018,421.51,263747.37
11/06/2018,423.34,192285.71
10/06/2018,420.83,87223.53
07/06/2018,420.97,407797.90
06/06/2018,420.59,182309.01
05/06/2018,420.96,272104.92
04/06/2018,414.42,223241.45
03/06/2018,409.27,102038.42
31/05/2018,407.87,355769.62
30/05/2018,406.53,196251.66
29/05/2018,402.48,163621.54
28/05/2018,401.72,82052.19
27/05/2018,401.64,65879.66
24/05/2018,398.32,358707.45
23/05/2018,398.03,142286.02
22/05/2018,401.00,214655.99
21/05/2018,404.07,190217.98
17/05/2018,407.66,168603.48
16/05/2018,405.06,164617.64
15/05/2018,403.02,203645.61
14/05/2018,401.74,209288.23
13/05/2018,400.56,77688.38
10/05/2018,392.23,162015.29
09/05/2018,389.52,154693.75
08/05/2018,385.42,192233.88
07/05/2018,389.00,272934.90
06/05/2018,389.40,56759.52
03/05/2018,384.31,198484.67
02/05/2018,385.83,171060.30
01/05/2018,383.26,103746.12
30/04/2018,385.70,194295.06
29/04/2018,388.11,56564.14
26/04/2018,385.92,208676.84
25/04/2018,383.97,163060.30
24/04/2018,390.51,138126.00
23/04/2018,391.92,189100.50
22/04/2018,392.26,90932.62
17/04/2018,392.10,128916.03
16/04/2018,391.73,144737.06
15/04/2018,391.23,75225.09
12/04/2018,389.65,188930.71
11/04/2018,383.70,357324.42
10/04/2018,384.08,138184.22
09/04/2018,380.01,350226.59
08/04/2018,378.92,104529.92
04/04/2018,374.16,173965.33
03/04/2018,384.52,62804.57
02/04/2018,390.00,35534.78
01/04/2018,391.65,36568.74
29/03/2018,386.12,368037.38
28/03/2018,383.19,164904.81
27/03/2018,390.67,174001.59
26/03/2018,386.66,157966.43
25/03/2018,381.13,153951.25
22/03/2018,393.13,194264.19
21/03/2018,399.59,131615.27
20/03/2018,398.42,176506.82
19/03/2018,397.28,157673.35
18/03/2018,403.00,62833.13
15/03/2018,404.20,251754.60
14/03/2018,400.59,142496.61
13/03/2018,403.01,169217.81
12/03/2018,400.42,164267.74
11/03/2018,399.34,87953.25
08/03/2018,394.48,172745.23
07/03/2018,394.85,139409.35
06/03/2018,397.87,194514.23
05/03/2018,394.74,207377.48
04/03/2018,396.75,79970.53
28/02/2018,402.53,210331.80
27/02/2018,403.31,177787.73
26/02/2018,402.52,158275.08
25/02/2018,401.98,83500.74
22/02/2018,400.61,425502.39
21/02/2018,404.16,165418.95
20/02/2018,400.95,117283.61
19/02/2018,402.66,114675.89
18/02/2018,404.50,93283.10
15/02/2018,400.86,161785.07
14/02/2018,395.19,204502.38
13/02/2018,391.39,184990.39
12/02/2018,390.55,216734.77
11/02/2018,393.14,84925.07
08/02/2018,396.84,194786.11
07/02/2018,399.03,171114.44
06/02/2018,391.16,299317.09
05/02/2018,399.77,162344.84
04/02/2018,403.05,112363.82
01/02/2018,414.87,724761.49
31/01/2018,415.89,215582.37
30/01/2018,413.02,192476.16
29/01/2018,415.19,205747.09
28/01/2018,415.07,88160.71
25/01/2018,410.21,353807.81
24/01/2018,414.31,181010.92
23/01/2018,412.55,194326.28
22/01/2018,409.79,169836.38
21/01/2018,407.44,74374.75
18/01/2018,406.48,181822.95
17/01/2018,407.95,211287.33
16/01/2018,413.13,174639.71
15/01/2018,413.24,208565.25
14/01/2018,413.43,90236.53
11/01/2018,410.65,178289.33
10/01/2018,406.92,150631.89
09/01/2018,414.06,180141.66
08/01/2018,410.51,162477.17
07/01/2018,413.38,99386.63
04/01/2018,409.02,367315.86
03/01/2018,404.87,186491.89
02/01/2018,402.74,176065.97
01/01/2018,400.76,84722.28
31/12/2017,395.58,87060.94
28/12/2017,397.41,226771.46
27/12/2017,397.80,135799.11
26/12/2017,396.05,133825.61
25/12/2017,396.25,87419.23
24/12/2017,398.08,106737.70
21/12/2017,397.31,151865.74
20/12/2017,395.71,147423.86
19/12/2017,396.30,157955.44
18/12/2017,399.21,125691.72
17/12/2017,397.79,53090.86
14/12/2017,396.25,319916.44
13/12/2017,397.08,99496.98
12/12/2017,396.32,116241.81
11/12/2017,396.81,136590.47
10/12/2017,394.51,87405.63
07/12/2017,396.18,229618.34
06/12/2017,396.08,148815.25
05/12/2017,400.17,144929.14
04/12/2017,402.23,164726.80
03/12/2017,403.58,112930.18
30/11/2017,409.41,425155.41
29/11/2017,408.65,114063.22
28/11/2017,411.63,92742.29
27/11/2017,413.62,129555.02
26/11/2017,415.54,96941.61
23/11/2017,408.82,222696.79
22/11/2017,407.17,154542.49
21/11/2017,404.65,138450.77
20/11/2017,403.38,151783.18
19/11/2017,401.06,97656.96
16/11/2017,401.61,208378.61
15/11/2017,398.54,153612.35
14/11/2017,402.17,216709.90
13/11/2017,406.77,169861.56
12/11/2017,408.78,77036.36
09/11/2017,404.54,289227.86
08/11/2017,411.79,152110.52
07/11/2017,415.87,246034.45
06/11/2017,415.82,123616.96
05/11/2017,418.36,68807.44
02/11/2017,416.87,292025.12
01/11/2017,423.22,250339.17
31/10/2017,425.99,177031.61
30/10/2017,425.21,165395.58
29/10/2017,428.31,73845.58
26/10/2017,425.12,218541.54
25/10/2017,425.63,113429.63
24/10/2017,425.84,137688.68
23/10/2017,426.48,127575.63
22/10/2017,426.72,63208.45
19/10/2017,422.28,171236.96
18/10/2017,430.10,156757.35
17/10/2017,427.23,108116.03
16/10/2017,423.49,224614.47
15/10/2017,426.35,115704.24
10/10/2017,421.20,81135.45
09/10/2017,423.69,96582.56
08/10/2017,423.01,47113.07
03/10/2017,419.71,169323.72
02/10/2017,420.34,158428.87
01/10/2017,417.99,76643.08
28/09/2017,412.20,312385.42
27/09/2017,411.30,179956.87
26/09/2017,410.03,155209.24
25/09/2017,407.93,134254.27
24/09/2017,407.99,81173.09
19/09/2017,405.97,138552.68
18/09/2017,405.54,145236.38
17/09/2017,401.78,63016.83
14/09/2017,397.06,254456.98
13/09/2017,396.33,116067.73
12/09/2017,393.49,139792.58
11/09/2017,393.08,113257.42
10/09/2017,389.56,68200.22
07/09/2017,389.62,271344.29
06/09/2017,392.45,118279.63
05/09/2017,395.31,141548.35
04/09/2017,392.05,91946.82
03/09/2017,389.25,106114.76
31/08/2017,392.33,171491.79
30/08/2017,387.70,163931.85
29/08/2017,382.15,143273.30
28/08/2017,385.76,115251.27
27/08/2017,381.97,54590.38
24/08/2017,382.61,248650.04
23/08/2017,381.94,107361.50
22/08/2017,383.97,149497.12
21/08/2017,381.18,184756.52
20/08/2017,382.43,63821.72
17/08/2017,384.17,158143.75
16/08/2017,384.75,113163.63
15/08/2017,382.94,160926.88
14/08/2017,383.36,205097.30
13/08/2017,375.40,68314.59
10/08/2017,375.79,283925.98
09/08/2017,380.72,193227.21
08/08/2017,383.99,168034.06
07/08/2017,386.30,158139.18
06/08/2017,382.23,149064.90
03/08/2017,384.93,437195.33
02/08/2017,385.42,165025.34
31/07/2017,390.39,114932.84
30/07/2017,389.93,85485.47
27/07/2017,395.01,156028.36
26/07/2017,395.93,91730.78
25/07/2017,393.97,99333.38
24/07/2017,391.79,155718.62
23/07/2017,390.38,55960.79
20/07/2017,392.86,126552.13
19/07/2017,394.54,128858.85
18/07/2017,393.02,143453.82
17/07/2017,394.17,88339.39
16/07/2017,395.58,57693.89
13/07/2017,393.29,168945.19
12/07/2017,394.03,123703.83
11/07/2017,390.70,115786.18
10/07/2017,389.48,105442.49
09/07/2017,386.87,56718.15
06/07/2017,380.39,371899.54
05/07/2017,378.30,112096.10
04/07/2017,378.65,68733.85
03/07/2017,378.44,100128.82
02/07/2017,378.62,77444.34
29/06/2017,380.51,267503.28
28/06/2017,382.36,113313.44
27/06/2017,387.81,117014.97
26/06/2017,391.31,106206.54
25/06/2017,391.87,63780.03
22/06/2017,387.72,132035.35
21/06/2017,390.30,99897.79
20/06/2017,392.49,115310.00
19/06/2017,389.01,132654.26
18/06/2017,384.84,91189.96
15/06/2017,384.84,199396.86
14/06/2017,392.65,120241.87
13/06/2017,389.68,110359.14
12/06/2017,383.42,160611.49
11/06/2017,390.51,86753.46
08/06/2017,393.76,229760.04
07/06/2017,400.62,177255.48
06/06/2017,400.65,161010.04
05/06/2017,403.81,149299.93
04/06/2017,404.56,99198.43
01/06/2017,397.94,292899.34
29/05/2017,401.86,154500.83
28/05/2017,403.29,88806.26
25/05/2017,405.46,307246.58
24/05/2017,403.19,140410.02
23/05/2017,404.80,118895.51
22/05/2017,402.04,140224.06
21/05/2017,397.65,95468.61
18/05/2017,393.69,228211.91
17/05/2017,397.88,185126.45
16/05/2017,404.67,163598.61
15/05/2017,404.33,172728.71
14/05/2017,402.04,108455.39
11/05/2017,397.97,279752.27
10/05/2017,393.36,270674.53
09/05/2017,390.82,226310.07
08/05/2017,381.78,205397.32
07/05/2017,380.39,88573.03
04/05/2017,377.63,291702.82
03/05/2017,379.90,168316.19
30/04/2017,380.04,75054.09
27/04/2017,384.13,220373.57
26/04/2017,384.96,129338.54
25/04/2017,381.12,122582.31
24/04/2017,378.52,149533.29
23/04/2017,376.77,67380.48
20/04/2017,376.71,115230.43
19/04/2017,375.76,117256.79
18/04/2017,373.34,115735.63
13/04/2017,375.21,97211.91
12/04/2017,380.77,94399.02
09/04/2017,379.11,71548.91
06/04/2017,378.76,284808.64
05/04/2017,379.83,143923.64
04/04/2017,377.79,132220.12
03/04/2017,376.68,120172.06
02/04/2017,377.73,55940.69
30/03/2017,375.12,245876.21
29/03/2017,373.18,142904.34
28/03/2017,372.53,152758.32
27/03/2017,366.45,156199.93
26/03/2017,370.96,83451.11
23/03/2017,369.20,135598.26
22/03/2017,367.86,114776.71
21/03/2017,372.18,138825.39
20/03/2017,374.70,110155.05
19/03/2017,374.16,75396.22
16/03/2017,371.83,187403.28
15/03/2017,371.45,143439.73
14/03/2017,371.94,161404.57
13/03/2017,372.96,145480.28
09/03/2017,370.69,152945.42
08/03/2017,372.50,88354.60
07/03/2017,370.67,111823.50
06/03/2017,371.02,138943.55
05/03/2017,376.20,64897.69
02/03/2017,378.46,455521.80
01/03/2017,374.38,206039.28
28/02/2017,371.50,195069.20
27/02/2017,375.57,147375.16
26/02/2017,380.19,61310.53
23/02/2017,380.25,233854.64
22/02/2017,381.32,162070.07
21/02/2017,380.89,144520.04
20/02/2017,381.36,79992.94
19/02/2017,380.62,88218.58
16/02/2017,378.17,234288.85
15/02/2017,377.61,210334.33
14/02/2017,377.27,205164.05
13/02/2017,379.15,203471.30
12/02/2017,375.34,146493.64
09/02/2017,373.60,1543209.47
08/02/2017,370.89,221107.04
07/02/2017,374.88,168907.75
06/02/2017,374.11,171313.79
05/02/2017,374.57,98993.61
02/02/2017,372.01,144747.60
01/02/2017,377.28,166462.19
31/01/2017,372.45,174619.78
30/01/2017,369.42,131127.77
29/01/2017,371.63,57620.26
26/01/2017,371.54,255663.10
25/01/2017,371.02,137083.85
24/01/2017,367.53,160168.53
23/01/2017,364.36,213723.07
22/01/2017,367.07,123791.59
19/01/2017,372.08,221063.55
18/01/2017,375.26,129244.24
17/01/2017,375.82,125616.92
16/01/2017,377.36,71214.35
15/01/2017,379.29,66410.93
12/01/2017,377.35,164810.76
11/01/2017,379.13,161266.58
10/01/2017,378.37,116308.56
09/01/2017,379.66,104426.67
08/01/2017,378.89,73141.54
05/01/2017,378.29,171138.76
04/01/2017,376.47,120403.77
03/01/2017,377.34,151308.69
02/01/2017,374.19,129207.13
01/01/2017,373.34,87637.37
29/12/2016,381.75,221283.96
28/12/2016,384.49,115365.27
27/12/2016,385.02,116208.33
26/12/2016,378.63,66543.66
25/12/2016,378.66,57411.29
22/12/2016,381.56,92584.34
21/12/2016,383.57,96282.77
20/12/2016,385.80,133091.54
19/12/2016,383.54,120124.95
18/12/2016,381.15,63554.13
15/12/2016,378.71,161541.93
14/12/2016,378.44,135921.52
13/12/2016,380.63,126300.12
12/12/2016,378.57,121657.01
11/12/2016,380.06,71260.73
08/12/2016,373.13,118863.37
07/12/2016,371.59,112786.24
06/12/2016,370.27,118245.92
05/12/2016,367.77,101802.93
04/12/2016,361.86,52012.06
01/12/2016,364.72,145670.11
30/11/2016,370.03,586300.91
29/11/2016,371.57,100231.91
28/11/2016,375.32,102718.86
27/11/2016,378.03,57315.36
24/11/2016,376.38,160881.96
23/11/2016,374.05,108163.90
22/11/2016,374.41,159825.40
21/11/2016,374.41,176687.70
20/11/2016,372.83,98456.46
17/11/2016,369.40,190900.39
16/11/2016,368.10,181334.24
15/11/2016,366.15,270748.06
14/11/2016,361.77,130010.55
13/11/2016,360.30,73038.39
10/11/2016,355.08,170422.63
09/11/2016,350.42,187308.79
08/11/2016,350.40,98582.66
07/11/2016,352.09,96666.95
06/11/2016,347.23,58866.08
03/11/2016,345.42,90942.81
02/11/2016,348.65,97815.13
01/11/2016,353.70,95467.27
31/10/2016,355.21,115826.89
30/10/2016,355.96,45405.35
27/10/2016,359.33,166716.25
26/10/2016,359.93,84826.20
25/10/2016,362.22,109853.94
20/10/2016,356.21,49030.41
19/10/2016,356.54,70411.64
18/10/2016,356.90,77941.69
13/10/2016,354.00,155338.17
10/10/2016,363.06,105388.15
09/10/2016,359.62,63935.20
06/10/2016,358.56,106742.82
05/10/2016,360.33,108791.90
29/09/2016,356.80,262812.84
28/09/2016,360.44,72783.92
27/09/2016,361.95,79370.54
26/09/2016,360.64,75156.34
25/09/2016,364.28,54804.72
22/09/2016,362.04,115492.23
21/09/2016,358.19,90378.46
20/09/2016,357.97,85020.52
19/09/2016,358.40,96385.84
18/09/2016,356.19,57519.12
15/09/2016,352.30,165443.13
14/09/2016,351.04,635536.38
13/09/2016,351.79,164775.30
12/09/2016,352.58,132875.99
11/09/2016,353.49,73941.83
08/09/2016,361.50,111040.83
07/09/2016,359.27,97822.86
06/09/2016,354.67,97552.58
05/09/2016,354.44,65234.14
04/09/2016,353.12,44979.47
01/09/2016,352.66,127292.99
31/08/2016,353.46,90014.18
30/08/2016,354.00,84017.91
29/08/2016,353.64,56555.95
28/08/2016,354.48,30192.25
25/08/2016,355.61,170749.13
24/08/2016,358.94,79305.33
23/08/2016,359.96,117482.89
22/08/2016,357.25,75568.70
21/08/2016,357.26,43219.30
18/08/2016,354.41,95266.52
17/08/2016,354.81,97120.63
16/08/2016,355.29,106822.33
15/08/2016,356.69,93984.86
11/08/2016,354.89,148734.87
10/08/2016,355.19,114374.66
09/08/2016,356.06,140941.17
08/08/2016,356.85,113368.06
07/08/2016,356.95,71497.76
04/08/2016,351.22,170289.99
03/08/2016,347.68,102199.33
02/08/2016,345.97,97634.01
01/08/2016,346.89,102358.38
31/07/2016,347.16,49695.13
28/07/2016,345.15,209573.48
27/07/2016,345.72,74035.44
26/07/2016,345.24,82724.27
25/07/2016,342.43,56981.52
24/07/2016,341.73,38382.13
21/07/2016,340.03,76021.56
20/07/2016,340.53,75142.11
19/07/2016,340.15,98821.53
18/07/2016,339.89,87068.72
17/07/2016,339.33,36076.89
14/07/2016,339.67,116765.31
13/07/2016,339.20,84517.40
12/07/2016,339.43,102027.54
11/07/2016,339.30,85634.10
10/07/2016,336.62,54595.41
07/07/2016,330.99,97875.00
06/07/2016,325.07,77181.14
05/07/2016,325.87,55844.74
04/07/2016,327.25,68262.29
03/07/2016,326.68,60188.44
30/06/2016,319.84,107606.71
29/06/2016,320.53,76752.82
28/06/2016,318.28,66896.81
27/06/2016,317.22,94732.15
26/06/2016,318.42,87848.96
23/06/2016,328.70,227777.15
22/06/2016,327.43,70792.26
21/06/2016,326.27,94437.28
20/06/2016,324.92,105403.59
19/06/2016,319.54,28294.83
16/06/2016,318.69,152462.81
15/06/2016,322.84,126093.55
14/06/2016,320.93,586875.63
13/06/2016,326.46,96338.36
09/06/2016,331.82,111757.87
08/06/2016,331.56,99544.35
07/06/2016,334.01,94794.31
06/06/2016,332.55,104833.68
05/06/2016,334.45,49369.35
02/06/2016,336.90,108648.81
01/06/2016,335.85,77020.33
31/05/2016,335.31,186318.99
30/05/2016,333.36,79461.38
29/05/2016,332.79,49790.40
26/05/2016,334.05,225868.37
25/05/2016,337.10,119705.40
24/05/2016,331.70,103717.92
23/05/2016,328.20,114261.00
22/05/2016,324.40,43728.84
19/05/2016,319.24,107040.81
18/05/2016,320.76,124686.68
17/05/2016,317.54,130767.51
16/05/2016,317.92,146947.19
15/05/2016,315.75,89610.76
10/05/2016,324.05,118871.72
09/05/2016,324.94,157970.83
08/05/2016,325.11,60842.26
05/05/2016,325.91,116537.05
04/05/2016,326.96,65830.60
03/05/2016,327.66,91573.47
02/05/2016,329.72,93851.85
01/05/2016,331.16,53551.94
27/04/2016,336.20,148366.60
26/04/2016,340.35,115392.93
25/04/2016,339.68,36951.22
24/04/2016,341.91,30311.33
21/04/2016,336.67,92192.91
20/04/2016,337.20,128024.35
19/04/2016,338.60,81915.03
18/04/2016,337.15,145267.77
17/04/2016,335.95,40122.02
14/04/2016,332.70,133413.94
13/04/2016,332.79,111345.65
12/04/2016,326.09,103272.56
11/04/2016,327.90,84280.62
10/04/2016,320.44,27275.65
07/04/2016,324.09,99847.95
06/04/2016,324.42,93245.59
05/04/2016,327.28,90793.74
04/04/2016,328.35,92798.02
03/04/2016,323.72,35749.93
31/03/2016,323.04,128088.58
30/03/2016,325.64,190703.53
29/03/2016,324.33,89207.98
28/03/2016,331.90,102610.58
27/03/2016,332.23,90257.05
23/03/2016,338.03,227821.12
22/03/2016,336.87,102105.00
21/03/2016,336.56,100601.30
20/03/2016,335.63,46269.41
17/03/2016,326.34,131714.21
16/03/2016,324.91,101262.93
15/03/2016,320.42,115683.76
14/03/2016,324.41,258707.86
13/03/2016,326.57,83967.00
10/03/2016,324.56,97030.26
09/03/2016,321.73,86066.82
08/03/2016,322.90,100297.72
07/03/2016,323.84,84811.65
06/03/2016,322.08,55225.13
03/03/2016,316.73,107910.01
02/03/2016,315.09,82107.02
01/03/2016,310.14,104220.71
29/02/2016,312.50,102144.58
28/02/2016,310.89,86152.43
25/02/2016,306.99,145436.72
24/02/2016,304.04,189043.92
23/02/2016,307.22,114271.76
22/02/2016,307.62,119304.96
21/02/2016,302.14,50591.18
18/02/2016,300.71,131460.88
17/02/2016,295.27,116231.71
16/02/2016,288.60,87311.03
15/02/2016,287.71,49730.65
14/02/2016,284.20,46548.50
11/02/2016,277.73,155412.16
10/02/2016,285.11,77726.10
09/02/2016,285.26,106647.67
08/02/2016,286.09,88558.56
07/02/2016,291.99,43179.48
04/02/2016,295.77,152486.72
03/02/2016,297.50,99029.99
02/02/2016,300.19,95346.96
01/02/2016,299.76,94181.95
31/01/2016,303.05,54141.46
28/01/2016,297.33,294365.61
27/01/2016,296.06,86027.26
26/01/2016,292.99,83761.13
25/01/2016,295.40,95054.60
24/01/2016,297.05,54573.36
21/01/2016,290.63,159887.94
20/01/2016,284.95,127619.09
19/01/2016,296.76,96629.77
18/01/2016,295.33,82865.39
17/01/2016,293.54,76571.41
14/01/2016,294.17,181534.19
13/01/2016,306.94,106325.72
12/01/2016,308.63,145578.23
11/01/2016,309.31,160716.68
10/01/2016,306.92,46770.32
07/01/2016,308.54,196771.43
06/01/2016,319.57,120499.61
05/01/2016,324.45,121561.95
04/01/2016,325.65,131983.58
03/01/2016,332.58,63285.30
31/12/2015,328.93,197715.87
30/12/2015,329.70,106325.32
29/12/2015,331.46,101059.39
28/12/2015,330.97,94151.37
27/12/2015,332.89,65610.23
24/12/2015,329.52,180270.06
23/12/2015,328.23,122469.14
22/12/2015,326.67,112381.00
21/12/2015,328.15,108568.29
20/12/2015,326.37,81193.24
17/12/2015,328.61,177156.93
16/12/2015,321.55,100012.65
15/12/2015,317.99,158949.01
14/12/2015,313.87,652088.95
13/12/2015,317.63,93460.10
10/12/2015,327.02,151322.35
09/12/2015,330.72,108440.30
08/12/2015,332.93,118715.67
07/12/2015,337.79,109643.08
06/12/2015,339.25,70327.88
03/12/2015,345.21,131427.22
02/12/2015,348.96,76447.52
01/12/2015,343.95,107481.78
30/11/2015,344.11,184136.93
29/11/2015,342.63,43128.83
26/11/2015,344.47,215036.11
25/11/2015,345.93,155470.39
24/11/2015,342.76,129851.41
23/11/2015,345.47,113654.96
22/11/2015,346.19,52273.19
19/11/2015,344.96,141125.04
18/11/2015,347.43,147714.44
17/11/2015,344.46,159330.34
16/11/2015,339.85,122032.18
15/11/2015,336.19,115805.50
12/11/2015,347.31,735462.09
11/11/2015,346.47,208101.83
10/11/2015,343.53,220031.56
09/11/2015,342.81,192282.28
08/11/2015,342.94,88128.42
05/11/2015,341.92,124332.76
04/11/2015,343.35,115168.54
03/11/2015,340.57,83718.38
02/11/2015,338.34,93403.65
01/11/2015,337.83,40593.32
29/10/2015,340.92,208283.91
28/10/2015,337.07,89258.13
27/10/2015,335.62,88372.66
26/10/2015,339.01,136091.42
25/10/2015,340.44,107556.06
22/10/2015,337.11,127520.34
21/10/2015,340.67,129896.83
20/10/2015,340.74,132451.65
19/10/2015,336.48,150095.82
18/10/2015,336.01,76963.02
15/10/2015,330.38,121206.44
14/10/2015,328.18,89242.81
13/10/2015,330.28,137776.19
12/10/2015,331.00,71016.70
11/10/2015,330.33,32171.99
08/10/2015,330.05,65031.56
07/10/2015,331.47,86247.54
06/10/2015,329.49,106002.59
01/10/2015,324.15,436920.89
30/09/2015,322.32,102990.65
29/09/2015,323.98,117621.16
24/09/2015,332.79,308305.93
21/09/2015,346.95,82484.05
20/09/2015,342.55,60600.51
17/09/2015,342.70,111415.43
16/09/2015,340.95,106794.29
10/09/2015,347.37,290667.72
09/09/2015,346.74,129841.25
08/09/2015,344.91,144792.88
07/09/2015,340.87,95137.34
06/09/2015,340.57,46306.39
03/09/2015,344.58,135705.99
02/09/2015,344.95,149327.55
01/09/2015,340.89,138446.59
31/08/2015,345.96,147060.95
30/08/2015,347.65,52748.62
27/08/2015,340.34,264314.17
26/08/2015,334.66,160465.97
25/08/2015,335.27,257484.18
24/08/2015,324.38,276341.74
23/08/2015,341.85,130087.86
20/08/2015,358.29,119013.93
19/08/2015,365.01,114262.56
18/08/2015,368.05,110946.21
17/08/2015,362.76,124886.11
16/08/2015,362.51,69987.08
13/08/2015,360.11,145362.23
12/08/2015,354.81,132629.71
11/08/2015,360.05,131253.79
10/08/2015,360.44,149924.31
09/08/2015,356.68,110140.18
06/08/2015,362.61,153678.06
05/08/2015,362.78,154036.92
04/08/2015,357.33,100434.37
03/08/2015,360.24,78010.51
02/08/2015,359.14,37446.06
30/07/2015,358.26,310273.04
29/07/2015,358.63,117753.72
28/07/2015,359.70,176661.09
27/07/2015,359.36,198392.08
23/07/2015,368.06,365147.83
22/07/2015,365.93,86658.90
21/07/2015,366.93,100888.91
20/07/2015,370.45,122722.74
19/07/2015,368.59,92925.53
16/07/2015,364.95,109917.23
15/07/2015,362.91,80424.89
14/07/2015,361.32,104771.62
13/07/2015,361.87,128776.66
12/07/2015,359.11,36484.23
09/07/2015,357.85,103161.19
08/07/2015,355.76,103281.75
07/07/2015,359.06,99699.41
06/07/2015,359.60,77213.52
05/07/2015,363.19,26431.37
02/07/2015,364.29,114308.77
01/07/2015,368.77,74090.61
30/06/2015,362.66,107361.80
29/06/2015,362.65,92965.09
28/06/2015,362.62,72818.27
25/06/2015,370.57,271129.19
24/06/2015,369.40,92365.20
23/06/2015,371.94,112805.59
22/06/2015,376.19,160270.81
21/06/2015,378.86,48093.16
18/06/2015,373.24,127292.69
17/06/2015,373.93,74052.06
16/06/2015,369.89,78491.68
15/06/2015,366.30,138082.18
14/06/2015,368.37,203875.15
11/06/2015,370.18,112349.43
10/06/2015,368.68,96627.26
09/06/2015,370.10,116567.60
08/06/2015,379.28,136433.12
07/06/2015,378.20,108698.93
04/06/2015,379.42,183695.63
03/06/2015,382.99,102698.58
02/06/2015,378.21,97353.18
01/06/2015,378.16,108755.79
31/05/2015,376.38,67161.65
28/05/2015,373.67,475313.73
27/05/2015,372.74,144943.41
26/05/2015,374.34,138944.86
25/05/2015,377.13,109655.32
21/05/2015,376.70,180008.03
20/05/2015,376.46,132552.60
19/05/2015,376.42,213968.86
18/05/2015,370.56,173606.45
17/05/2015,368.63,69516.94
14/05/2015,366.48,215724.29
13/05/2015,365.89,165775.72
12/05/2015,366.94,125892.51
11/05/2015,372.39,103649.66
10/05/2015,369.59,67780.35
07/05/2015,364.17,171020.25
06/05/2015,362.25,100803.20
05/05/2015,367.54,105397.58
04/05/2015,372.36,95486.06
03/05/2015,366.99,54986.56
30/04/2015,370.21,157408.64
29/04/2015,372.22,104931.31
28/04/2015,374.97,149258.70
27/04/2015,383.42,117185.32
26/04/2015,384.84,99297.03
21/04/2015,385.99,273787.74
20/04/2015,383.62,123995.96
19/04/2015,378.66,86350.97
16/04/2015,386.50,114577.70
15/04/2015,386.40,146181.71
14/04/2015,383.77,111663.22
13/04/2015,385.72,107738.66
12/04/2015,381.08,105287.37
08/04/2015,378.79,68900.71
07/04/2015,380.56,63230.28
06/04/2015,378.58,39659.49
05/04/2015,379.11,32902.72
02/04/2015,379.08,221797.96
01/04/2015,379.38,109246.19
31/03/2015,379.32,111309.13
30/03/2015,379.42,130722.06
29/03/2015,379.34,57569.16
26/03/2015,374.13,309427.88
25/03/2015,381.23,139976.49
24/03/2015,381.85,174091.64
23/03/2015,387.04,113184.28
22/03/2015,390.07,101989.01
19/03/2015,388.69,201088.69
18/03/2015,385.30,131071.95
16/03/2015,380.84,115222.59
15/03/2015,377.75,86215.22
12/03/2015,378.33,267853.41
11/03/2015,378.29,137610.28
10/03/2015,377.21,125522.93
09/03/2015,380.21,130417.50
08/03/2015,378.93,56725.94
04/03/2015,376.70,153814.65
03/03/2015,377.54,224048.32
02/03/2015,377.25,156360.77
01/03/2015,378.09,99817.99
26/02/2015,373.60,212592.62
25/02/2015,371.14,161058.24
24/02/2015,366.42,155317.27
23/02/2015,361.22,199000.17
22/02/2015,357.67,65638.68
19/02/2015,352.34,149231.50
18/02/2015,346.69,130604.20
17/02/2015,347.81,106483.28
16/02/2015,347.98,61621.21
15/02/2015,347.45,75568.30
12/02/2015,343.81,692036.51
11/02/2015,345.31,137311.60
10/02/2015,346.56,137456.70
09/02/2015,344.75,126310.59
08/02/2015,342.36,61771.80
05/02/2015,335.81,216045.64
04/02/2015,334.74,140899.82
03/02/2015,333.10,112613.57
02/02/2015,331.74,110184.79
01/02/2015,331.95,78637.13
29/01/2015,330.71,272233.83
28/01/2015,333.38,134039.17
27/01/2015,329.71,105607.24
26/01/2015,330.01,92572.68
25/01/2015,327.18,108026.34
22/01/2015,322.92,110686.28
21/01/2015,323.48,69932.76
20/01/2015,322.62,54538.34
19/01/2015,320.94,66402.78
18/01/2015,323.77,46233.72
15/01/2015,325.99,90852.12
14/01/2015,328.89,132917.14
13/01/2015,335.69,109808.22
12/01/2015,330.44,95932.25
11/01/2015,329.67,41326.27
08/01/2015,326.89,110073.89
07/01/2015,324.33,92207.10
06/01/2015,325.85,103241.75
05/01/2015,329.41,109959.43
04/01/2015,326.03,58258.65
01/01/2015,324.58,90553.56
31/12/2014,323.90,109024.95
30/12/2014,320.37,106077.26
29/12/2014,321.44,86411.21
28/12/2014,322.87,53867.72
25/12/2014,322.33,117817.78
24/12/2014,324.49,93631.19
23/12/2014,326.31,109012.33
22/12/2014,326.61,70391.50
21/12/2014,324.31,46452.29
18/12/2014,323.87,137280.86
17/12/2014,316.92,90326.15
16/12/2014,317.12,123568.85
15/12/2014,324.44,132670.49
14/12/2014,321.39,224741.26
11/12/2014,322.60,107306.85
10/12/2014,321.98,96146.76
09/12/2014,318.39,142094.15
08/12/2014,326.70,85740.39
07/12/2014,327.27,70654.49
04/12/2014,320.42,91661.30
03/12/2014,318.90,102637.25
02/12/2014,314.15,81364.59
01/12/2014,311.71,73086.96
30/11/2014,312.58,37812.63
27/11/2014,313.33,115014.60
26/11/2014,311.65,85563.60
25/11/2014,308.71,152601.40
24/11/2014,307.28,128621.39
23/11/2014,304.05,78227.18
20/11/2014,303.94,116628.10
19/11/2014,305.28,71995.84
18/11/2014,307.20,60371.05
17/11/2014,307.25,111247.37
16/11/2014,308.02,47850.88
13/11/2014,307.43,110199.03
12/11/2014,303.89,81217.55
11/11/2014,307.30,89034.27
10/11/2014,307.92,54747.90
09/11/2014,308.68,42002.65
06/11/2014,305.58,100057.03
05/11/2014,308.62,113658.03
04/11/2014,306.71,57970.94
03/11/2014,307.78,68678.62
02/11/2014,307.17,37941.65
30/10/2014,302.90,180696.33
29/10/2014,306.24,58566.47
28/10/2014,306.89,51746.16
27/10/2014,306.35,56691.37
26/10/2014,307.64,33757.39
23/10/2014,305.39,50786.91
22/10/2014,304.28,56930.24
21/10/2014,304.32,63309.85
20/10/2014,301.64,92324.26
19/10/2014,301.03,43252.44
14/10/2014,300.00,65381.89
13/10/2014,302.44,39528.82
12/10/2014,300.94,65230.28
07/10/2014,310.82,99803.00
06/10/2014,311.75,88879.27
05/10/2014,315.18,37344.23
02/10/2014,307.87,84820.99
01/10/2014,310.20,57170.34
30/09/2014,313.44,80323.99
29/09/2014,314.13,70602.44
28/09/2014,314.83,47241.20
23/09/2014,315.93,129325.80
22/09/2014,317.31,68040.10
21/09/2014,319.08,50404.70
18/09/2014,321.68,131708.48
17/09/2014,318.56,73909.61
16/09/2014,315.65,59581.19
15/09/2014,314.36,86714.09
14/09/2014,315.41,99654.93
11/09/2014,317.47,84420.09
10/09/2014,316.86,106858.06
09/09/2014,321.29,131406.24
08/09/2014,321.81,89923.29
07/09/2014,322.66,96999.42
04/09/2014,319.92,95056.30
03/09/2014,321.57,78731.42
02/09/2014,320.23,89011.86
01/09/2014,320.89,70607.90
31/08/2014,318.06,52774.02
28/08/2014,313.57,118350.98
27/08/2014,315.27,106984.35
26/08/2014,311.25,88100.49
25/08/2014,308.79,64744.83
24/08/2014,303.72,34107.55
21/08/2014,304.98,47620.84
20/08/2014,304.43,81152.38
19/08/2014,307.86,72490.21
18/08/2014,305.06,59561.28
17/08/2014,303.06,38446.55
14/08/2014,302.82,91147.12
13/08/2014,305.08,62257.35
12/08/2014,305.98,71631.93
11/08/2014,306.84,73794.13
10/08/2014,304.70,32417.39
07/08/2014,304.98,74486.28
06/08/2014,303.55,100914.98
04/08/2014,305.11,74437.49
03/08/2014,305.26,30659.60
31/07/2014,307.51,80981.68
30/07/2014,309.45,41953.08
29/07/2014,310.52,59745.19
28/07/2014,309.65,70140.71
27/07/2014,311.86,28296.61
24/07/2014,315.33,103625.69
23/07/2014,316.20,58570.24
22/07/2014,316.79,110349.16
21/07/2014,316.40,46426.17
20/07/2014,313.59,69705.23
17/07/2014,317.67,129511.56
16/07/2014,317.64,74892.71
15/07/2014,315.82,52059.78
14/07/2014,318.53,53905.35
13/07/2014,315.95,29599.65
10/07/2014,311.29,86521.75
09/07/2014,312.32,73069.32
08/07/2014,311.34,110829.98
07/07/2014,320.20,77490.59
06/07/2014,323.43,33536.70
03/07/2014,325.21,116614.96
02/07/2014,324.25,92964.49
01/07/2014,323.73,58660.64
30/06/2014,323.19,65875.33
29/06/2014,322.30,35015.80
26/06/2014,319.00,113318.15
25/06/2014,320.42,68340.81
24/06/2014,324.97,57907.30
23/06/2014,326.62,67459.54
22/06/2014,326.66,30451.79
19/06/2014,327.82,131803.56
18/06/2014,328.89,58232.47
17/06/2014,327.31,60794.87
16/06/2014,324.69,64348.21
15/06/2014,324.16,41901.16
12/06/2014,326.64,415546.00
11/06/2014,329.73,68252.07
10/06/2014,331.02,62425.90
09/06/2014,332.57,73680.61
08/06/2014,331.36,47120.56
05/06/2014,326.33,89535.28
02/06/2014,326.07,68524.36
01/06/2014,327.38,28710.48
29/05/2014,328.01,111990.08
28/05/2014,329.54,73718.39
27/05/2014,328.83,66005.25
26/05/2014,328.92,50153.73
25/05/2014,327.56,42043.62
22/05/2014,320.85,99160.07
21/05/2014,322.30,81598.78
20/05/2014,321.46,112766.96
19/05/2014,319.76,111236.99
18/05/2014,319.11,89585.56
15/05/2014,321.04,110171.75
14/05/2014,325.73,64951.92
13/05/2014,326.61,129909.01
12/05/2014,323.22,89532.86
11/05/2014,318.05,70936.71
