 נתוני מדד ת"א-מניב ישראל,,
תאריך, מדד ,מחזור (באלפי ש''ח) 
23/06/2025,1145.04,170140.91
22/06/2025,1166.03,228692.71
19/06/2025,1138.11,267266.49
18/06/2025,1130.59,196757.40
17/06/2025,1110.58,220443.67
16/06/2025,1097.63,231707.58
15/06/2025,1046.81,138934.27
12/06/2025,1036.94,211724.77
11/06/2025,1072.20,122705.61
10/06/2025,1059.39,161112.09
09/06/2025,1068.58,150090.69
08/06/2025,1074.31,55148.76
05/06/2025,1069.94,137209.37
04/06/2025,1062.93,90965.57
03/06/2025,1071.11,114484.37
29/05/2025,1081.44,313474.79
28/05/2025,1083.25,115392.77
27/05/2025,1080.95,142942.83
26/05/2025,1082.67,165769.53
25/05/2025,1054.23,29787.64
22/05/2025,1046.46,110352.63
21/05/2025,1064.61,232158.88
20/05/2025,1085.00,161709.07
19/05/2025,1095.94,109244.05
18/05/2025,1107.00,60200.53
15/05/2025,1094.84,190380.42
14/05/2025,1097.35,236442.85
13/05/2025,1078.07,178676.68
12/05/2025,1077.27,216875.80
11/05/2025,1073.92,172833.34
08/05/2025,1069.08,157468.92
07/05/2025,1056.39,198883.94
06/05/2025,1041.11,1133066.66
05/05/2025,1033.64,212134.37
04/05/2025,1028.16,81279.02
29/04/2025,1034.42,159126.97
28/04/2025,1038.04,142750.49
27/04/2025,1053.01,107465.46
24/04/2025,1053.23,178009.75
23/04/2025,1054.19,160371.74
22/04/2025,1039.38,190923.90
21/04/2025,1027.18,69637.16
20/04/2025,1042.42,44164.25
17/04/2025,1036.45,80411.14
16/04/2025,1023.87,59719.99
15/04/2025,1019.42,96354.35
14/04/2025,1014.20,48005.05
10/04/2025,997.99,145459.63
09/04/2025,983.76,158335.43
08/04/2025,997.23,180065.02
07/04/2025,981.21,219886.24
06/04/2025,979.17,108542.71
03/04/2025,1003.94,175903.59
02/04/2025,1004.95,135997.91
01/04/2025,994.55,126178.91
31/03/2025,976.70,142965.20
30/03/2025,977.93,52126.56
27/03/2025,981.06,258214.91
26/03/2025,965.85,115587.43
25/03/2025,976.35,195024.29
24/03/2025,971.30,151831.07
23/03/2025,952.48,109605.12
20/03/2025,990.43,232196.67
19/03/2025,999.45,166247.57
18/03/2025,1014.18,225147.18
17/03/2025,1043.10,147321.75
16/03/2025,1046.70,92426.14
13/03/2025,1036.79,141605.64
12/03/2025,1046.63,135024.67
11/03/2025,1032.12,140296.16
10/03/2025,1031.86,169534.07
09/03/2025,1044.29,62051.27
06/03/2025,1031.98,166768.63
05/03/2025,1047.17,125037.09
04/03/2025,1050.13,165173.48
03/03/2025,1075.34,186415.51
02/03/2025,1082.87,45916.72
27/02/2025,1084.45,256836.31
26/02/2025,1084.43,99696.77
25/02/2025,1073.58,151059.18
24/02/2025,1081.89,197680.85
23/02/2025,1087.83,64513.78
20/02/2025,1105.54,376975.77
19/02/2025,1116.03,122883.63
18/02/2025,1120.51,229462.44
17/02/2025,1099.88,109118.76
16/02/2025,1108.01,142752.32
13/02/2025,1097.04,231477.67
12/02/2025,1089.69,137110.33
11/02/2025,1111.91,168726.60
10/02/2025,1128.36,146197.46
09/02/2025,1114.48,76477.98
06/02/2025,1110.86,514956.61
05/02/2025,1126.22,313998.83
04/02/2025,1090.89,196708.90
03/02/2025,1067.31,143456.31
02/02/2025,1079.21,54558.95
30/01/2025,1080.22,213454.08
29/01/2025,1084.47,128130.45
28/01/2025,1075.11,124182.52
27/01/2025,1075.16,201009.88
26/01/2025,1095.57,87457.95
23/01/2025,1103.31,151245.28
22/01/2025,1113.84,134022.92
21/01/2025,1119.61,125149.03
20/01/2025,1124.12,103507.73
19/01/2025,1130.34,80806.49
16/01/2025,1114.78,201638.81
15/01/2025,1100.40,196861.57
14/01/2025,1083.06,165613.00
13/01/2025,1067.08,148962.37
12/01/2025,1060.28,56122.62
09/01/2025,1071.13,122763.97
08/01/2025,1069.65,173230.28
07/01/2025,1090.79,178735.89
06/01/2025,1098.42,155783.55
05/01/2025,1093.72,84840.90
02/01/2025,1075.82,144879.12
01/01/2025,1076.64,127089.54
31/12/2024,1065.02,147013.36
30/12/2024,1049.80,163094.42
29/12/2024,1052.70,85973.16
26/12/2024,1054.75,251731.37
25/12/2024,1062.00,120260.27
24/12/2024,1068.83,160805.42
23/12/2024,1070.93,128983.25
22/12/2024,1077.15,47838.69
19/12/2024,1064.82,268651.24
18/12/2024,1078.83,171200.25
17/12/2024,1079.37,151264.81
16/12/2024,1071.17,136441.51
15/12/2024,1052.21,80604.10
12/12/2024,1071.27,139150.43
11/12/2024,1078.71,138043.57
10/12/2024,1086.14,154149.83
09/12/2024,1085.76,262203.52
08/12/2024,1069.89,101257.74
05/12/2024,1053.49,123863.47
04/12/2024,1052.41,184424.97
03/12/2024,1047.11,171355.19
02/12/2024,1043.76,146769.73
01/12/2024,1044.66,83103.83
28/11/2024,1027.85,325902.22
27/11/2024,1029.44,236285.39
26/11/2024,1020.88,218386.61
25/11/2024,1004.18,240293.67
24/11/2024,998.66,57361.86
21/11/2024,989.08,169401.13
20/11/2024,991.78,150100.20
19/11/2024,993.24,202103.04
18/11/2024,995.38,195298.79
17/11/2024,991.40,93858.37
14/11/2024,982.89,203285.29
13/11/2024,978.38,168850.48
12/11/2024,972.92,226690.80
11/11/2024,964.57,172627.75
10/11/2024,971.82,146794.86
07/11/2024,950.68,517011.80
06/11/2024,953.16,221512.85
05/11/2024,949.17,177760.76
04/11/2024,938.78,99444.19
03/11/2024,946.60,85947.30
31/10/2024,946.71,302251.23
30/10/2024,944.77,374935.82
29/10/2024,915.53,175374.22
28/10/2024,902.14,127657.69
27/10/2024,907.80,86372.03
22/10/2024,889.60,140552.36
21/10/2024,899.85,135188.74
20/10/2024,905.84,142685.51
15/10/2024,881.43,130449.00
14/10/2024,872.25,112699.96
13/10/2024,872.27,50812.45
10/10/2024,864.30,108904.04
09/10/2024,873.53,120772.69
08/10/2024,871.81,141712.56
07/10/2024,877.19,195464.82
06/10/2024,875.06,129996.24
01/10/2024,873.38,140686.67
30/09/2024,887.00,169256.87
29/09/2024,883.61,103508.20
26/09/2024,874.49,247115.77
25/09/2024,859.52,126285.15
24/09/2024,851.74,167523.13
23/09/2024,830.39,127104.37
22/09/2024,825.25,64430.40
19/09/2024,815.15,210662.36
18/09/2024,823.16,88557.59
17/09/2024,821.60,210200.00
16/09/2024,839.82,140476.17
15/09/2024,865.42,35899.85
12/09/2024,866.65,133633.07
11/09/2024,861.48,94747.05
10/09/2024,858.03,73748.53
09/09/2024,854.99,114317.81
08/09/2024,865.55,41386.32
05/09/2024,879.61,134622.65
04/09/2024,856.84,80273.72
03/09/2024,852.67,83001.93
02/09/2024,860.30,54569.41
01/09/2024,855.36,42476.38
29/08/2024,862.50,240896.98
28/08/2024,862.00,61991.21
27/08/2024,854.25,107043.43
26/08/2024,852.13,99680.32
25/08/2024,853.31,72277.32
22/08/2024,830.99,81939.60
21/08/2024,828.70,86606.22
20/08/2024,836.18,94099.03
19/08/2024,838.67,99979.06
18/08/2024,848.82,39662.82
15/08/2024,840.80,107173.83
14/08/2024,830.87,111512.90
12/08/2024,820.10,101962.19
11/08/2024,838.94,45180.82
08/08/2024,835.27,138509.10
07/08/2024,829.25,150201.50
06/08/2024,806.25,131698.99
05/08/2024,789.77,151550.78
04/08/2024,784.20,61285.66
01/08/2024,785.35,340890.49
31/07/2024,807.67,138620.87
30/07/2024,814.78,106511.71
29/07/2024,822.25,81921.74
28/07/2024,829.94,70387.00
25/07/2024,859.05,184998.50
24/07/2024,867.65,111158.83
23/07/2024,860.08,91223.98
22/07/2024,848.72,75240.24
21/07/2024,851.55,58373.15
18/07/2024,864.43,84592.67
17/07/2024,859.53,79042.71
16/07/2024,861.72,91564.53
15/07/2024,856.69,92638.31
14/07/2024,854.73,49392.30
11/07/2024,857.64,154444.80
10/07/2024,830.56,76925.19
09/07/2024,838.89,160057.51
08/07/2024,822.92,110610.45
07/07/2024,833.28,150650.18
04/07/2024,793.91,164401.72
03/07/2024,767.75,106406.25
02/07/2024,764.93,105429.82
01/07/2024,771.41,97111.39
30/06/2024,777.70,108293.12
27/06/2024,780.86,200599.75
26/06/2024,793.13,73239.38
25/06/2024,785.30,129612.29
24/06/2024,766.46,89200.89
23/06/2024,762.62,45551.09
20/06/2024,772.95,208281.79
19/06/2024,789.38,129196.58
18/06/2024,791.28,87523.06
17/06/2024,798.06,157975.12
16/06/2024,783.51,142872.33
13/06/2024,794.51,139631.96
10/06/2024,794.82,357848.63
09/06/2024,778.35,112063.40
06/06/2024,781.74,171943.87
05/06/2024,796.87,141673.40
04/06/2024,814.74,127981.39
03/06/2024,816.69,198526.17
02/06/2024,803.07,52545.73
30/05/2024,803.32,348752.34
29/05/2024,797.31,135800.74
28/05/2024,806.31,117915.92
27/05/2024,793.64,77377.05
26/05/2024,799.13,47752.12
23/05/2024,800.82,171912.45
22/05/2024,810.22,118913.36
21/05/2024,820.12,110833.43
20/05/2024,829.71,149283.04
19/05/2024,832.15,57934.20
16/05/2024,847.80,145433.90
15/05/2024,866.86,130480.95
12/05/2024,864.92,47895.75
09/05/2024,869.37,96956.63
08/05/2024,868.17,99583.86
07/05/2024,866.83,142748.95
06/05/2024,847.37,127875.28
05/05/2024,858.67,100210.25
02/05/2024,853.73,509122.95
01/05/2024,846.05,82400.79
30/04/2024,845.08,171645.12
25/04/2024,845.24,143546.76
24/04/2024,852.99,118243.91
21/04/2024,850.42,102511.11
18/04/2024,838.19,113064.85
17/04/2024,830.91,143106.43
16/04/2024,839.81,98349.02
15/04/2024,840.66,139794.44
14/04/2024,847.40,89342.88
11/04/2024,843.35,205679.21
10/04/2024,858.60,103122.87
09/04/2024,872.77,142940.38
08/04/2024,881.13,169625.43
07/04/2024,860.28,58129.52
04/04/2024,852.95,175839.03
03/04/2024,865.73,121323.52
02/04/2024,869.65,149142.86
01/04/2024,881.52,106872.94
31/03/2024,875.94,73544.13
28/03/2024,875.96,210415.08
27/03/2024,879.80,102279.90
26/03/2024,885.96,119894.77
25/03/2024,897.34,97211.30
21/03/2024,898.34,154093.60
20/03/2024,893.96,162177.70
19/03/2024,873.45,148223.34
18/03/2024,871.87,111873.99
17/03/2024,853.31,41594.69
14/03/2024,838.95,150953.76
13/03/2024,843.28,74811.39
12/03/2024,839.20,89600.85
11/03/2024,849.14,81655.30
10/03/2024,851.88,51715.95
07/03/2024,859.52,117797.53
06/03/2024,868.69,75850.18
05/03/2024,864.14,69921.54
04/03/2024,868.47,94235.05
03/03/2024,873.10,45523.01
29/02/2024,870.22,174509.52
28/02/2024,866.12,70389.90
26/02/2024,877.39,148799.82
25/02/2024,873.74,64055.14
22/02/2024,858.38,137721.78
21/02/2024,855.73,80152.26
20/02/2024,855.36,75384.77
19/02/2024,860.95,120947.04
18/02/2024,845.29,38984.13
15/02/2024,841.26,105617.23
14/02/2024,835.90,106097.46
13/02/2024,842.21,182734.97
12/02/2024,837.93,97317.96
11/02/2024,824.36,41030.91
08/02/2024,837.21,121207.69
07/02/2024,852.03,66305.93
06/02/2024,852.99,126134.89
05/02/2024,837.70,78619.08
04/02/2024,837.01,53899.68
01/02/2024,852.30,355085.14
31/01/2024,864.27,128732.31
30/01/2024,864.81,95188.08
29/01/2024,876.84,91470.42
28/01/2024,865.07,52961.80
25/01/2024,857.74,227946.92
24/01/2024,856.20,162290.86
23/01/2024,849.87,107657.08
22/01/2024,861.20,134528.05
21/01/2024,866.44,38220.66
18/01/2024,874.44,122497.25
17/01/2024,849.33,135785.92
16/01/2024,846.53,140180.45
15/01/2024,868.25,59867.29
14/01/2024,873.38,34325.40
11/01/2024,878.68,109737.78
10/01/2024,880.85,88409.73
09/01/2024,891.16,110866.71
08/01/2024,895.03,147796.40
07/01/2024,904.34,57098.79
04/01/2024,919.24,109197.10
03/01/2024,913.49,148386.72
02/01/2024,922.24,141392.08
01/01/2024,919.48,256341.19
31/12/2023,878.13,78833.00
28/12/2023,871.47,226155.09
27/12/2023,878.53,109650.52
26/12/2023,867.91,131654.92
25/12/2023,878.85,66610.18
24/12/2023,872.00,50320.30
21/12/2023,884.54,121655.59
20/12/2023,890.01,199695.73
19/12/2023,872.25,153490.31
18/12/2023,863.58,146264.35
17/12/2023,859.79,102963.76
14/12/2023,848.01,327355.59
13/12/2023,815.92,114550.59
12/12/2023,811.75,91239.24
11/12/2023,817.44,104766.45
10/12/2023,832.68,51861.50
07/12/2023,841.56,184824.09
06/12/2023,838.10,182880.82
05/12/2023,836.70,163831.54
04/12/2023,809.09,124037.84
03/12/2023,805.85,84790.09
30/11/2023,791.96,321622.82
29/11/2023,803.96,333676.05
28/11/2023,789.93,160142.38
27/11/2023,773.32,77843.94
26/11/2023,776.56,55084.98
23/11/2023,774.97,168722.85
22/11/2023,775.91,214424.26
21/11/2023,761.63,101755.12
20/11/2023,757.83,139303.03
19/11/2023,751.77,69709.62
16/11/2023,758.63,109283.54
15/11/2023,738.62,103424.33
14/11/2023,730.90,152808.59
13/11/2023,711.80,82515.35
12/11/2023,727.64,43704.13
09/11/2023,741.11,120460.60
08/11/2023,749.34,171720.83
07/11/2023,740.02,123688.48
06/11/2023,729.25,129164.09
05/11/2023,732.47,99670.20
02/11/2023,711.39,1009660.99
01/11/2023,697.14,156072.54
31/10/2023,687.04,177168.34
30/10/2023,682.19,195280.10
29/10/2023,665.26,72375.29
26/10/2023,652.06,265187.20
25/10/2023,663.32,154258.31
24/10/2023,669.61,146149.40
23/10/2023,665.73,141092.13
22/10/2023,672.35,98677.97
19/10/2023,686.80,137734.71
18/10/2023,700.37,88074.54
17/10/2023,698.95,140077.44
16/10/2023,716.27,143664.61
15/10/2023,690.68,103285.01
12/10/2023,723.51,115379.15
11/10/2023,714.48,110261.25
10/10/2023,728.61,139847.91
09/10/2023,711.49,198682.65
08/10/2023,707.41,105835.13
05/10/2023,779.12,77675.04
04/10/2023,779.06,80144.28
03/10/2023,792.06,59370.28
02/10/2023,798.98,57673.77
01/10/2023,798.05,41443.79
28/09/2023,783.35,195972.30
27/09/2023,785.64,88761.62
26/09/2023,785.38,110165.59
21/09/2023,795.60,108589.85
20/09/2023,799.68,100148.98
19/09/2023,783.51,104814.47
18/09/2023,779.16,106993.32
14/09/2023,781.16,317734.84
13/09/2023,782.36,106278.83
12/09/2023,785.75,123610.46
11/09/2023,784.61,75331.09
10/09/2023,776.82,29548.49
07/09/2023,780.30,154610.62
06/09/2023,783.86,71556.42
05/09/2023,778.39,133173.23
04/09/2023,771.08,58845.30
03/09/2023,777.90,22168.84
31/08/2023,785.42,165511.83
30/08/2023,782.76,65065.34
29/08/2023,773.42,104290.38
28/08/2023,789.21,43165.01
27/08/2023,791.06,22627.66
24/08/2023,797.61,155110.62
23/08/2023,802.35,84670.31
22/08/2023,793.42,88968.31
21/08/2023,787.30,93567.54
20/08/2023,786.46,23711.84
17/08/2023,790.05,94885.85
16/08/2023,790.06,47224.60
15/08/2023,788.51,113294.44
14/08/2023,794.60,80801.30
13/08/2023,797.11,32579.34
10/08/2023,817.03,54585.69
09/08/2023,813.59,101694.54
08/08/2023,797.68,120221.84
07/08/2023,802.76,86093.05
06/08/2023,792.10,42398.08
03/08/2023,784.75,252142.11
02/08/2023,796.41,88595.70
01/08/2023,807.22,109956.11
31/07/2023,816.17,125173.49
30/07/2023,813.33,95936.07
26/07/2023,803.27,289771.53
25/07/2023,786.81,263641.57
24/07/2023,820.44,229477.14
23/07/2023,847.47,117771.92
20/07/2023,846.41,174322.95
19/07/2023,850.37,312000.77
18/07/2023,833.23,164311.89
17/07/2023,819.43,159218.83
16/07/2023,818.55,50370.06
13/07/2023,818.33,182487.74
12/07/2023,821.75,190322.96
11/07/2023,808.61,145704.61
10/07/2023,799.36,106618.93
09/07/2023,790.10,55727.78
06/07/2023,807.31,297643.94
05/07/2023,820.71,139918.08
04/07/2023,805.92,74162.03
03/07/2023,796.51,95506.34
02/07/2023,799.89,49204.42
29/06/2023,789.30,278243.04
28/06/2023,790.78,109283.48
27/06/2023,793.44,140060.36
26/06/2023,805.91,108179.61
25/06/2023,799.11,151840.80
22/06/2023,809.73,141638.80
21/06/2023,819.35,178723.09
20/06/2023,833.49,200699.84
19/06/2023,837.56,107224.73
18/06/2023,840.12,132830.38
15/06/2023,832.29,331048.42
14/06/2023,814.77,181774.02
13/06/2023,814.65,162499.09
12/06/2023,810.05,293433.93
11/06/2023,793.77,55411.11
08/06/2023,788.61,136824.82
07/06/2023,790.30,211118.52
06/06/2023,770.23,128584.07
05/06/2023,770.98,103589.55
04/06/2023,758.95,59008.55
01/06/2023,741.80,243374.83
31/05/2023,752.44,404268.52
30/05/2023,753.95,139112.24
29/05/2023,753.77,116918.89
28/05/2023,757.69,62004.56
24/05/2023,759.32,204889.64
23/05/2023,758.44,194271.86
22/05/2023,777.73,205480.57
21/05/2023,770.78,45121.62
18/05/2023,780.44,145018.72
17/05/2023,785.02,157366.99
16/05/2023,777.32,117298.28
15/05/2023,802.35,117578.54
14/05/2023,796.96,61958.12
11/05/2023,796.49,210373.40
10/05/2023,789.74,168577.91
09/05/2023,771.78,112393.77
08/05/2023,788.57,103776.79
07/05/2023,801.94,67210.86
04/05/2023,798.00,248062.31
03/05/2023,789.70,155270.44
02/05/2023,771.50,153590.07
01/05/2023,770.38,142635.50
30/04/2023,753.26,68500.95
27/04/2023,746.49,266045.51
24/04/2023,743.33,118790.53
23/04/2023,737.54,38593.29
20/04/2023,734.05,122435.84
19/04/2023,731.77,103538.08
18/04/2023,737.42,104351.33
17/04/2023,735.02,99062.14
16/04/2023,749.27,44019.90
13/04/2023,749.18,239715.04
10/04/2023,762.44,47147.90
09/04/2023,755.38,31228.41
04/04/2023,752.46,122034.63
03/04/2023,744.87,83499.79
02/04/2023,752.73,49963.12
30/03/2023,740.04,228915.73
29/03/2023,738.27,144288.04
28/03/2023,760.79,115411.93
27/03/2023,777.22,205091.09
26/03/2023,759.06,71135.20
23/03/2023,780.59,242146.05
22/03/2023,763.46,136136.45
21/03/2023,764.63,167334.05
20/03/2023,762.86,130212.74
19/03/2023,740.49,47185.69
16/03/2023,742.35,230881.66
15/03/2023,748.51,214118.24
14/03/2023,752.87,182979.03
13/03/2023,741.31,210894.19
12/03/2023,742.71,106854.77
09/03/2023,776.37,156125.92
08/03/2023,769.14,154831.42
06/03/2023,767.27,172195.26
05/03/2023,743.20,50397.08
02/03/2023,728.41,166974.16
01/03/2023,739.52,175391.55
28/02/2023,740.59,282774.26
27/02/2023,733.33,315296.67
26/02/2023,717.37,97071.54
23/02/2023,749.85,236832.78
22/02/2023,749.99,202389.68
21/02/2023,765.73,197687.68
20/02/2023,796.43,119656.76
19/02/2023,796.00,53015.25
16/02/2023,803.36,211375.67
15/02/2023,821.43,165170.55
14/02/2023,821.71,200544.07
13/02/2023,826.96,202622.80
12/02/2023,821.76,112368.31
09/02/2023,837.35,161745.90
08/02/2023,851.99,106331.70
07/02/2023,860.04,135817.23
06/02/2023,862.74,126182.26
05/02/2023,871.80,55689.20
02/02/2023,879.35,387398.68
01/02/2023,845.37,139390.30
31/01/2023,844.03,149897.08
30/01/2023,826.97,158546.22
29/01/2023,816.14,88438.46
26/01/2023,841.56,228629.77
25/01/2023,869.16,87775.30
24/01/2023,887.88,84694.68
23/01/2023,892.83,120534.90
22/01/2023,892.77,52291.42
19/01/2023,898.52,124922.05
18/01/2023,918.62,123793.10
17/01/2023,907.56,131323.91
16/01/2023,907.44,114565.45
15/01/2023,897.55,76483.12
12/01/2023,882.24,140540.10
11/01/2023,881.51,101388.26
10/01/2023,876.29,93879.32
09/01/2023,875.23,107608.46
08/01/2023,874.89,62053.64
05/01/2023,855.62,221702.56
04/01/2023,857.04,120511.42
03/01/2023,852.56,135071.24
02/01/2023,853.88,104418.22
01/01/2023,846.76,60122.83
29/12/2022,854.30,272206.53
28/12/2022,852.71,143548.72
27/12/2022,854.50,119061.17
26/12/2022,845.97,120519.04
25/12/2022,839.72,70578.69
22/12/2022,861.50,133828.98
21/12/2022,880.16,116080.53
20/12/2022,876.66,162206.44
19/12/2022,878.78,111410.11
18/12/2022,874.86,66360.38
15/12/2022,881.10,153013.04
14/12/2022,877.59,91527.66
13/12/2022,886.68,142921.10
12/12/2022,877.02,108558.37
11/12/2022,880.02,44414.96
08/12/2022,891.30,148449.71
07/12/2022,888.90,168630.08
06/12/2022,908.12,107111.79
05/12/2022,923.38,173180.21
04/12/2022,928.05,71941.07
01/12/2022,931.35,236694.83
30/11/2022,913.84,249439.52
29/11/2022,917.04,197624.17
28/11/2022,897.91,150216.37
27/11/2022,906.54,61077.54
24/11/2022,929.04,259934.97
23/11/2022,916.55,227773.79
22/11/2022,947.92,120473.80
21/11/2022,942.84,104033.44
20/11/2022,957.40,45451.44
17/11/2022,947.46,161816.81
16/11/2022,954.80,92192.61
15/11/2022,978.39,163583.93
14/11/2022,953.77,152765.14
13/11/2022,960.29,78607.08
10/11/2022,948.39,304919.44
09/11/2022,903.51,115802.12
08/11/2022,907.21,178983.49
07/11/2022,904.79,113351.87
06/11/2022,919.67,43665.43
03/11/2022,910.67,193561.98
02/11/2022,934.46,112918.16
31/10/2022,935.96,132293.27
30/10/2022,958.98,51552.57
27/10/2022,958.03,164759.15
26/10/2022,960.27,86754.84
25/10/2022,945.02,119948.08
24/10/2022,924.76,145575.33
23/10/2022,939.25,75088.13
20/10/2022,934.08,157004.23
19/10/2022,946.66,129836.70
18/10/2022,953.62,126489.45
13/10/2022,941.58,94808.55
12/10/2022,937.08,105751.54
11/10/2022,913.10,85626.99
06/10/2022,921.29,224521.91
03/10/2022,920.57,206597.50
02/10/2022,901.94,125610.65
29/09/2022,924.21,271461.34
28/09/2022,941.59,239152.50
22/09/2022,983.71,146772.11
21/09/2022,1001.47,93075.10
20/09/2022,1003.48,87174.95
19/09/2022,1015.01,139350.65
18/09/2022,1006.01,71972.14
15/09/2022,1016.92,200550.73
14/09/2022,1019.10,139743.45
13/09/2022,1038.07,166321.96
12/09/2022,1059.85,100162.83
11/09/2022,1052.33,69520.64
08/09/2022,1036.02,137686.95
07/09/2022,1032.06,127925.04
06/09/2022,1037.60,112746.61
05/09/2022,1051.66,124800.42
04/09/2022,1062.55,37610.01
01/09/2022,1065.48,286994.99
31/08/2022,1078.17,183581.35
30/08/2022,1078.10,158765.17
29/08/2022,1073.04,100543.96
28/08/2022,1078.81,80079.48
25/08/2022,1094.86,227418.29
24/08/2022,1092.05,163897.41
23/08/2022,1071.31,114006.04
22/08/2022,1067.16,155439.58
21/08/2022,1084.29,67608.97
18/08/2022,1107.15,254778.15
17/08/2022,1087.55,124831.15
16/08/2022,1102.73,174126.20
15/08/2022,1114.05,177076.30
14/08/2022,1109.27,89291.16
11/08/2022,1112.19,208687.91
10/08/2022,1098.58,164473.37
09/08/2022,1071.36,200933.40
08/08/2022,1061.75,156775.31
04/08/2022,1041.37,559835.02
03/08/2022,1030.75,116848.21
02/08/2022,1021.61,180801.13
01/08/2022,1028.70,155977.94
31/07/2022,1025.47,93298.83
28/07/2022,1011.62,250781.44
27/07/2022,1004.42,93727.47
26/07/2022,998.67,101746.67
25/07/2022,999.74,98270.91
24/07/2022,1003.13,82128.72
21/07/2022,1002.43,132452.22
20/07/2022,985.95,91588.91
19/07/2022,974.98,96997.51
18/07/2022,971.20,118220.89
17/07/2022,961.98,46307.51
14/07/2022,952.31,210847.53
13/07/2022,954.87,133242.80
12/07/2022,965.35,108747.45
11/07/2022,960.98,110811.18
10/07/2022,968.01,61355.30
07/07/2022,957.57,232662.84
06/07/2022,940.39,125337.13
05/07/2022,943.17,116494.11
04/07/2022,962.69,92084.00
03/07/2022,965.63,99348.53
30/06/2022,945.01,251831.32
29/06/2022,966.67,179062.82
28/06/2022,964.37,176806.30
27/06/2022,964.25,110272.04
26/06/2022,973.62,79743.80
23/06/2022,950.71,181601.09
22/06/2022,956.32,181179.65
21/06/2022,930.10,133324.46
20/06/2022,906.14,114980.44
19/06/2022,897.26,105915.25
16/06/2022,875.18,214332.94
15/06/2022,894.61,185595.57
14/06/2022,876.16,221418.28
13/06/2022,877.20,337480.68
12/06/2022,898.17,125362.25
09/06/2022,935.38,217473.09
08/06/2022,956.00,136256.85
07/06/2022,944.51,172958.09
06/06/2022,968.77,119765.36
02/06/2022,972.67,195673.32
01/06/2022,993.90,140311.88
31/05/2022,991.06,409406.47
30/05/2022,1000.75,144861.84
29/05/2022,1008.54,88816.83
26/05/2022,977.17,230216.24
25/05/2022,945.58,202985.97
24/05/2022,961.83,163288.26
23/05/2022,993.93,230882.21
22/05/2022,1000.27,85176.02
19/05/2022,986.00,220879.73
18/05/2022,1019.14,146196.07
17/05/2022,1023.27,141859.72
16/05/2022,1007.28,168691.37
15/05/2022,1014.36,87142.84
12/05/2022,1014.10,188142.88
11/05/2022,1025.37,177276.04
10/05/2022,1017.52,245855.65
09/05/2022,998.65,394448.41
08/05/2022,1015.91,168896.33
03/05/2022,1062.17,232448.53
02/05/2022,1072.20,307313.87
01/05/2022,1120.01,86854.81
28/04/2022,1154.27,282484.69
27/04/2022,1143.52,109178.53
26/04/2022,1150.30,146720.61
25/04/2022,1146.85,144788.80
24/04/2022,1139.73,54497.67
20/04/2022,1151.96,87695.49
19/04/2022,1139.55,58312.29
18/04/2022,1125.56,34000.39
17/04/2022,1126.31,23076.89
14/04/2022,1120.14,122354.60
13/04/2022,1110.18,106465.99
12/04/2022,1111.87,125885.96
11/04/2022,1115.59,144173.34
10/04/2022,1122.28,63207.76
07/04/2022,1129.17,324358.59
06/04/2022,1130.76,177514.33
05/04/2022,1149.18,147611.12
04/04/2022,1144.47,181220.06
03/04/2022,1134.54,68650.54
31/03/2022,1113.78,145466.38
30/03/2022,1110.44,162059.00
29/03/2022,1119.02,157738.56
28/03/2022,1096.74,140436.15
27/03/2022,1106.49,70649.69
24/03/2022,1119.94,207128.43
23/03/2022,1110.92,219084.65
22/03/2022,1114.92,131863.21
21/03/2022,1107.40,133430.57
20/03/2022,1109.13,88941.92
16/03/2022,1098.39,212677.36
15/03/2022,1080.55,155646.66
14/03/2022,1075.36,121630.04
13/03/2022,1062.08,57772.13
10/03/2022,1078.26,157935.05
09/03/2022,1088.48,135422.03
08/03/2022,1066.81,129165.42
07/03/2022,1082.39,126580.89
06/03/2022,1089.67,46963.99
03/03/2022,1097.39,210480.63
02/03/2022,1101.26,120561.95
01/03/2022,1094.85,229612.42
28/02/2022,1083.05,232722.75
27/02/2022,1074.18,81808.06
24/02/2022,1069.87,404317.02
23/02/2022,1109.49,150506.51
22/02/2022,1117.21,148884.76
21/02/2022,1126.11,131913.07
20/02/2022,1124.40,71965.31
17/02/2022,1131.16,173162.49
16/02/2022,1134.80,107614.05
15/02/2022,1126.21,159521.13
14/02/2022,1116.23,181766.40
13/02/2022,1103.89,202339.70
10/02/2022,1136.11,185744.78
09/02/2022,1142.86,208888.89
08/02/2022,1120.91,274217.87
07/02/2022,1139.22,245403.20
06/02/2022,1151.75,69247.56
03/02/2022,1163.63,526326.26
02/02/2022,1172.74,222793.83
01/02/2022,1161.53,167076.78
31/01/2022,1158.33,194227.86
30/01/2022,1159.35,89413.78
27/01/2022,1150.01,416858.13
26/01/2022,1157.09,168845.04
25/01/2022,1134.30,238361.82
24/01/2022,1124.07,225807.07
23/01/2022,1160.92,107313.36
20/01/2022,1187.14,259584.25
19/01/2022,1174.39,225685.85
18/01/2022,1176.49,147369.49
17/01/2022,1190.06,152667.54
16/01/2022,1179.90,84171.69
13/01/2022,1183.22,242761.70
12/01/2022,1175.20,216103.11
11/01/2022,1161.27,214626.44
10/01/2022,1139.25,142518.26
09/01/2022,1151.05,65430.10
06/01/2022,1160.99,244899.25
05/01/2022,1170.30,138398.69
04/01/2022,1160.54,170893.65
03/01/2022,1159.96,280734.31
02/01/2022,1151.66,106052.91
30/12/2021,1137.77,249655.90
29/12/2021,1134.91,200685.70
28/12/2021,1138.88,282739.48
27/12/2021,1120.65,167995.89
26/12/2021,1114.96,133121.22
23/12/2021,1110.75,165863.05
22/12/2021,1098.43,135429.32
21/12/2021,1087.18,126723.50
20/12/2021,1076.40,179140.86
19/12/2021,1098.31,60289.88
16/12/2021,1102.53,173864.41
15/12/2021,1090.68,111314.01
14/12/2021,1088.00,150636.23
13/12/2021,1089.72,112654.67
12/12/2021,1098.06,66184.64
09/12/2021,1099.99,162674.64
08/12/2021,1101.18,116111.31
07/12/2021,1103.93,132525.27
06/12/2021,1090.81,119179.67
05/12/2021,1084.89,57525.18
02/12/2021,1084.20,197282.37
01/12/2021,1095.52,144633.31
30/11/2021,1081.88,237127.46
29/11/2021,1075.74,85308.90
28/11/2021,1069.03,112120.83
25/11/2021,1091.02,197168.13
24/11/2021,1086.48,123755.04
23/11/2021,1088.64,114044.61
22/11/2021,1099.53,111640.13
21/11/2021,1091.46,55465.52
18/11/2021,1085.80,120735.89
17/11/2021,1078.55,95762.29
16/11/2021,1083.03,142317.48
15/11/2021,1076.51,129092.31
14/11/2021,1074.48,69026.39
11/11/2021,1061.99,148691.51
10/11/2021,1070.14,123364.83
09/11/2021,1078.18,96764.62
08/11/2021,1085.21,91627.66
07/11/2021,1084.11,69329.00
04/11/2021,1069.59,262157.43
03/11/2021,1059.91,122278.03
02/11/2021,1050.43,154968.33
01/11/2021,1038.27,148349.95
31/10/2021,1025.56,55742.58
28/10/2021,1014.18,170576.98
27/10/2021,1007.33,110066.66
26/10/2021,1005.20,126306.19
25/10/2021,999.96,123465.80
24/10/2021,999.69,42484.18
21/10/2021,1000.25,102513.48
20/10/2021,990.38,79490.90
19/10/2021,990.04,104617.01
18/10/2021,984.34,104915.92
17/10/2021,991.28,81094.38
14/10/2021,996.21,115362.30
13/10/2021,997.71,134173.01
12/10/2021,986.68,98890.78
11/10/2021,981.40,129033.64
10/10/2021,970.75,54490.86
07/10/2021,964.24,232344.28
06/10/2021,958.41,159005.82
05/10/2021,973.41,153992.41
04/10/2021,980.16,96820.60
03/10/2021,995.22,76172.48
30/09/2021,986.13,191897.01
29/09/2021,989.71,115283.02
26/09/2021,1001.88,52679.82
23/09/2021,1002.73,153728.75
22/09/2021,1007.16,110304.52
19/09/2021,1007.14,191939.31
14/09/2021,999.18,287373.88
13/09/2021,1002.22,213043.18
12/09/2021,997.26,158023.47
09/09/2021,990.29,236777.33
05/09/2021,984.77,54215.92
02/09/2021,977.96,242685.82
01/09/2021,980.31,148137.60
31/08/2021,971.18,210316.09
30/08/2021,972.32,103775.52
29/08/2021,975.40,51936.74
26/08/2021,961.56,298550.20
25/08/2021,962.83,107841.29
24/08/2021,947.66,95416.74
23/08/2021,939.05,112091.58
22/08/2021,931.98,76975.20
19/08/2021,927.43,132446.72
18/08/2021,924.53,123411.62
17/08/2021,907.58,78722.36
16/08/2021,909.12,74251.61
15/08/2021,915.22,51456.78
12/08/2021,908.69,137952.31
11/08/2021,901.35,118889.08
10/08/2021,898.33,109279.04
09/08/2021,887.13,111699.20
08/08/2021,896.84,40774.91
05/08/2021,902.09,685990.30
04/08/2021,906.23,97312.75
03/08/2021,908.31,135809.37
02/08/2021,926.58,150394.90
01/08/2021,920.57,41102.98
29/07/2021,915.82,183841.37
28/07/2021,907.98,112795.36
27/07/2021,907.31,283759.13
26/07/2021,908.75,73818.55
25/07/2021,916.56,57041.82
22/07/2021,908.73,121812.77
21/07/2021,903.58,123452.09
20/07/2021,895.33,115290.07
19/07/2021,890.56,155008.42
15/07/2021,916.68,132080.40
14/07/2021,924.97,82461.32
13/07/2021,927.33,95739.89
12/07/2021,923.77,165804.97
11/07/2021,924.88,47845.95
08/07/2021,909.26,129570.65
07/07/2021,923.10,87126.99
06/07/2021,910.28,52883.28
05/07/2021,908.61,46380.93
04/07/2021,905.03,24804.11
01/07/2021,905.37,193341.41
30/06/2021,909.12,76619.54
29/06/2021,912.16,66798.80
28/06/2021,911.80,103366.64
27/06/2021,911.14,36915.41
24/06/2021,915.73,179845.81
23/06/2021,920.34,99171.75
22/06/2021,917.86,85369.90
21/06/2021,916.71,100930.74
20/06/2021,909.04,27014.35
17/06/2021,919.67,123836.08
16/06/2021,915.10,98486.44
15/06/2021,915.47,99622.56
14/06/2021,915.76,60648.13
13/06/2021,914.14,41379.40
10/06/2021,906.05,125249.40
09/06/2021,898.99,87805.74
08/06/2021,896.89,88726.20
07/06/2021,900.62,57950.03
06/06/2021,902.56,50351.99
03/06/2021,887.49,207968.54
02/06/2021,904.75,112816.68
01/06/2021,911.10,81549.04
31/05/2021,926.31,101694.85
30/05/2021,923.75,47894.75
27/05/2021,919.19,228451.26
26/05/2021,924.90,137251.40
25/05/2021,922.18,89988.48
24/05/2021,929.07,99318.95
23/05/2021,934.34,68258.97
20/05/2021,919.29,247880.78
19/05/2021,901.64,77181.59
18/05/2021,900.54,98949.04
13/05/2021,888.52,107386.95
12/05/2021,881.64,110156.93
11/05/2021,881.51,126674.95
10/05/2021,910.56,129912.33
09/05/2021,920.42,35525.00
06/05/2021,913.71,181016.11
05/05/2021,920.28,134801.10
04/05/2021,904.37,148499.83
03/05/2021,909.20,129352.95
02/05/2021,893.67,31094.13
29/04/2021,896.16,125439.37
28/04/2021,888.83,122539.22
27/04/2021,874.96,122355.54
26/04/2021,872.45,149341.29
25/04/2021,871.61,59109.90
22/04/2021,866.70,147751.41
21/04/2021,867.22,111576.96
20/04/2021,874.59,221316.02
19/04/2021,866.11,208196.25
18/04/2021,842.76,59444.20
13/04/2021,836.23,94074.83
12/04/2021,830.91,149879.53
11/04/2021,827.21,139045.18
08/04/2021,815.21,127615.78
07/04/2021,799.92,107628.51
06/04/2021,800.38,114595.91
05/04/2021,797.46,201679.05
04/04/2021,804.00,61103.92
01/04/2021,794.29,52537.12
31/03/2021,791.34,56831.71
30/03/2021,786.58,37555.47
29/03/2021,788.86,49828.27
25/03/2021,782.53,160203.62
24/03/2021,785.75,87003.55
22/03/2021,782.59,108780.56
21/03/2021,769.53,45986.66
18/03/2021,762.11,181450.59
17/03/2021,761.14,89620.54
16/03/2021,766.87,79007.23
15/03/2021,765.01,94583.01
14/03/2021,766.15,54941.70
11/03/2021,762.42,165007.71
10/03/2021,752.00,96698.49
09/03/2021,754.08,85363.95
08/03/2021,749.10,123155.00
07/03/2021,759.12,58641.35
04/03/2021,756.43,324190.19
03/03/2021,755.16,68845.21
02/03/2021,759.09,94024.85
01/03/2021,759.98,106142.85
28/02/2021,749.99,50942.10
25/02/2021,747.65,187988.40
24/02/2021,754.60,94879.78
23/02/2021,748.43,86618.08
22/02/2021,754.13,91707.04
21/02/2021,757.54,48155.81
18/02/2021,742.13,76469.36
17/02/2021,750.92,100637.70
16/02/2021,760.48,77092.50
15/02/2021,760.71,66064.35
14/02/2021,759.01,46055.96
11/02/2021,749.54,91193.36
10/02/2021,767.45,99457.70
09/02/2021,765.03,65365.79
08/02/2021,762.74,110847.43
07/02/2021,772.70,65917.72
04/02/2021,770.21,374890.95
03/02/2021,772.50,117031.37
02/02/2021,775.49,130798.24
01/02/2021,770.77,105363.53
31/01/2021,764.27,51503.56
28/01/2021,770.68,225830.20
27/01/2021,769.99,116170.07
26/01/2021,768.61,118808.56
25/01/2021,766.30,143967.65
24/01/2021,772.44,72782.44
21/01/2021,786.70,128201.70
20/01/2021,796.18,90908.85
19/01/2021,794.31,102073.84
18/01/2021,796.54,85322.68
17/01/2021,792.63,60851.93
14/01/2021,798.20,112163.42
13/01/2021,805.42,102820.42
12/01/2021,800.35,166933.49
11/01/2021,805.91,152119.81
10/01/2021,810.19,147112.57
07/01/2021,787.10,175753.26
06/01/2021,779.78,114301.10
05/01/2021,785.43,137394.29
04/01/2021,789.14,154229.93
03/01/2021,793.28,70411.10
31/12/2020,782.89,114783.88
30/12/2020,781.24,149401.06
29/12/2020,767.50,103695.96
28/12/2020,765.35,168669.97
27/12/2020,761.99,86641.38
24/12/2020,749.77,149866.48
23/12/2020,737.78,86027.42
22/12/2020,736.33,80799.34
21/12/2020,726.62,143608.10
20/12/2020,751.68,93765.60
17/12/2020,768.37,149207.09
16/12/2020,770.90,111556.33
15/12/2020,776.49,123629.91
14/12/2020,784.64,123291.09
13/12/2020,767.94,55383.68
10/12/2020,756.49,104234.62
09/12/2020,758.95,133060.14
08/12/2020,747.99,62665.68
07/12/2020,747.88,99953.34
06/12/2020,747.03,68084.04
03/12/2020,726.80,232835.99
02/12/2020,723.08,97501.41
01/12/2020,742.58,100884.08
30/11/2020,750.50,177068.79
29/11/2020,763.03,81752.52
26/11/2020,771.41,200841.27
25/11/2020,760.81,214521.46
24/11/2020,763.13,276901.05
23/11/2020,752.64,230282.79
22/11/2020,731.07,73589.37
19/11/2020,733.33,140886.09
18/11/2020,735.46,110046.09
17/11/2020,731.76,149862.26
16/11/2020,731.18,246158.37
15/11/2020,718.23,70375.70
12/11/2020,710.30,101713.64
11/11/2020,718.74,145039.74
10/11/2020,717.16,274369.44
09/11/2020,713.39,334782.48
08/11/2020,660.11,43657.10
05/11/2020,657.26,173605.72
04/11/2020,656.05,94698.71
03/11/2020,646.78,98871.20
02/11/2020,646.34,139273.27
01/11/2020,622.92,41053.33
29/10/2020,617.99,148629.82
28/10/2020,611.53,75377.73
27/10/2020,621.99,79156.18
26/10/2020,621.80,75858.52
25/10/2020,619.40,39056.55
22/10/2020,610.85,109512.16
21/10/2020,614.28,58244.84
20/10/2020,612.61,61920.05
19/10/2020,614.79,42126.15
18/10/2020,612.74,27843.14
15/10/2020,608.98,52526.23
14/10/2020,614.19,45940.97
13/10/2020,607.91,61889.92
12/10/2020,612.12,64114.76
11/10/2020,612.97,51659.09
08/10/2020,614.61,81723.81
07/10/2020,605.81,75356.84
06/10/2020,609.18,56986.29
05/10/2020,605.91,51911.26
04/10/2020,596.47,37950.64
01/10/2020,585.55,137069.44
30/09/2020,589.85,112829.17
29/09/2020,580.02,101815.46
24/09/2020,567.46,170032.62
23/09/2020,573.81,111065.25
22/09/2020,587.77,75764.28
21/09/2020,586.82,103029.63
17/09/2020,591.27,195131.76
16/09/2020,593.88,70369.41
15/09/2020,596.64,66837.31
14/09/2020,595.54,74937.22
13/09/2020,584.37,75073.59
10/09/2020,585.63,128272.92
09/09/2020,600.26,64038.15
08/09/2020,608.43,69358.56
07/09/2020,619.11,46532.64
06/09/2020,618.48,51202.14
03/09/2020,613.48,253438.46
02/09/2020,643.60,137936.01
01/09/2020,640.16,62521.90
31/08/2020,640.92,79846.29
30/08/2020,644.88,62733.89
27/08/2020,641.26,132538.23
26/08/2020,646.03,86066.71
25/08/2020,637.45,102032.47
24/08/2020,633.71,76604.38
23/08/2020,628.79,37540.67
20/08/2020,615.05,80870.47
19/08/2020,620.76,91707.21
18/08/2020,616.95,80551.96
17/08/2020,624.37,65624.21
16/08/2020,624.59,45940.16
13/08/2020,612.33,81443.83
12/08/2020,616.71,67288.10
11/08/2020,614.56,119687.52
10/08/2020,597.69,84580.38
09/08/2020,597.78,43748.45
06/08/2020,593.27,417892.36
05/08/2020,596.98,115976.90
04/08/2020,587.28,74566.19
03/08/2020,582.58,95050.35
02/08/2020,579.12,53684.81
29/07/2020,583.83,385004.51
28/07/2020,574.72,139292.36
27/07/2020,565.75,117918.04
26/07/2020,566.22,37486.32
23/07/2020,571.14,260367.65
22/07/2020,582.44,86345.38
21/07/2020,584.91,147300.90
20/07/2020,584.27,106173.84
19/07/2020,582.59,41521.19
16/07/2020,592.68,168321.82
15/07/2020,597.19,143187.33
14/07/2020,581.67,109659.91
13/07/2020,576.95,133231.25
12/07/2020,573.38,112566.66
09/07/2020,561.35,188297.61
08/07/2020,565.02,216715.98
07/07/2020,583.33,156142.92
06/07/2020,595.59,271154.85
05/07/2020,581.65,85732.72
02/07/2020,607.46,216365.90
01/07/2020,593.71,201911.38
30/06/2020,563.35,149385.61
29/06/2020,552.92,131836.07
28/06/2020,546.02,86233.61
25/06/2020,568.07,189412.48
24/06/2020,575.10,205000.58
23/06/2020,585.25,181550.98
22/06/2020,588.71,212945.75
21/06/2020,598.90,84248.16
18/06/2020,616.34,146105.07
17/06/2020,614.46,90885.69
16/06/2020,621.45,150465.50
15/06/2020,613.30,136130.69
14/06/2020,623.62,49698.08
11/06/2020,632.70,147783.87
10/06/2020,648.22,148093.82
09/06/2020,651.64,134763.25
08/06/2020,654.85,177027.82
04/06/2020,629.87,284759.19
03/06/2020,611.31,254377.28
02/06/2020,632.11,151127.75
01/06/2020,631.63,151403.78
31/05/2020,634.18,95864.64
27/05/2020,655.51,326824.23
26/05/2020,668.85,164312.10
25/05/2020,677.20,310387.19
24/05/2020,656.96,198734.61
21/05/2020,640.39,269066.22
20/05/2020,640.28,167279.43
19/05/2020,641.68,160946.54
18/05/2020,652.29,154876.62
17/05/2020,648.34,70913.22
14/05/2020,625.94,168230.01
13/05/2020,652.72,155551.30
12/05/2020,676.22,136315.75
11/05/2020,693.33,170913.45
10/05/2020,704.54,105430.93
07/05/2020,690.70,325201.00
06/05/2020,691.13,135970.03
05/05/2020,692.96,165047.49
04/05/2020,675.80,185622.21
03/05/2020,691.25,92947.94
30/04/2020,704.46,254789.10
27/04/2020,692.03,314098.83
26/04/2020,679.27,162683.16
23/04/2020,646.75,395330.90
22/04/2020,656.41,152119.68
21/04/2020,664.19,220705.46
20/04/2020,690.22,249253.67
19/04/2020,706.30,142458.24
16/04/2020,671.69,214628.67
13/04/2020,689.29,103595.77
12/04/2020,701.58,134709.32
07/04/2020,691.83,242117.47
06/04/2020,666.49,190459.48
05/04/2020,635.01,99207.92
02/04/2020,653.36,336724.33
01/04/2020,654.88,176697.08
31/03/2020,666.24,274386.42
30/03/2020,641.69,185976.04
29/03/2020,614.83,85142.17
26/03/2020,614.95,373605.68
25/03/2020,593.28,215756.98
24/03/2020,584.51,257504.96
23/03/2020,548.48,275095.54
22/03/2020,568.75,176690.49
19/03/2020,602.23,408426.75
18/03/2020,558.10,241822.38
17/03/2020,597.42,263377.80
16/03/2020,611.14,321877.63
15/03/2020,656.45,254973.14
12/03/2020,668.40,427869.88
11/03/2020,727.15,308047.12
09/03/2020,756.97,483146.94
08/03/2020,812.64,412928.25
05/03/2020,858.16,424349.37
04/03/2020,880.84,183273.03
03/03/2020,905.34,233099.95
01/03/2020,882.52,169648.18
27/02/2020,901.45,434392.82
26/02/2020,925.78,364302.00
25/02/2020,924.45,139985.27
24/02/2020,912.51,246702.56
23/02/2020,930.64,113669.02
20/02/2020,963.65,223623.71
19/02/2020,975.84,244591.06
18/02/2020,971.22,110117.63
17/02/2020,972.45,143711.49
16/02/2020,973.77,98815.49
13/02/2020,951.90,149864.57
12/02/2020,959.64,233715.54
11/02/2020,936.30,138593.14
10/02/2020,914.41,103741.36
09/02/2020,912.70,75721.76
06/02/2020,927.42,985754.07
